Track URI,Track Name,Album Name,Artist Name(s),Release Date,Duration (ms),Popularity,Explicit,Added By,Added At,Genres,Record Label,Danceability,Energy,Key,Loudness,Mode,Speechiness,Acousticness,Instrumentalness,Liveness,Valence,Tempo,Time Signature;;;;;;;;;
"spotify:track:3HrGrC1YnxrnZUbY37JrgX,""More (Remix)"",""La Fórmula (Deluxe Edition)"",""Zion";Jory Boy;Ken-Y;"Chencho """"Plan B""""";"Arcángel"",2013-04-30,284906,70,false,,2026-05-21T14:45:05Z,""reggaeton,trap latino,urbano latino"",""Pina Records"",0.696,0.874,8,-4.826,0,0.0812,0.209,0,0.111,0.858,172.044,4";;;;;
"spotify:track:6Vpa5EWWumOZEcKtaqjaGY,""Lokita (feat. Brytiago)"",""Lokita (feat. Brytiago)"",""Tony Brouzee";"Brytiago"",2016-11-24,243853,61,true,,2026-05-02T06:50:12Z,""trap latino,reggaeton,urbano latino,trap"",""BZEE GROUP"",0.75,0.651,7,-6.264,1,0.158,0.132,0,0.107,0.347,139.921,4";;;;;;;;
"spotify:track:4VoTYVrIQFPkUuYw7AK9dn,""Enredoz"",""Diamante De Mi Barrio"",""Cejaz Negraz"",2022-01-20,249520,48,true,,2026-04-30T14:40:05Z,""hip hop latino"",""Crack Home Music"",0.709,0.536,3,-10.768,0,0.0982,0.561,0,0.102,0.457,132.067,4";;;;;;;;;
"spotify:track:2gTzTnxp2GDGXha1UsAg5S,""Superfizies"",""Diamante De Mi Barrio"",""Cejaz Negraz"",2022-01-20,245967,48,true,,2026-04-27T17:13:45Z,""hip hop latino"",""Crack Home Music"",0.669,0.871,10,-8.792,0,0.263,0.0606,0,0.153,0.883,177.044,4";;;;;;;;;
"spotify:track:19AEEgKZcBTZs3kq0ad2JQ,""Amigos Con Privilegios"",""Amigos Con Privilegios"",""Zyron";"Ñengo Flow"",2013-05-03,178236,67,false,,2026-04-27T03:53:36Z,""reggaeton,trap latino"",""Capriles Inc"",0.671,0.838,11,-3.474,0,0.173,0.371,0,0.208,0.929,178.035,4";;;;;;;;
"spotify:track:0Ib8GEMJFiTVxPiFqvp9qb,""Quise Perderme"",""La Edad de la Demencia"",""El Samurai";Mc Kno;Askoman;"Afaz Natural"",2013-03-01,249512,35,false,,2026-04-27T03:26:34Z,""hip hop latino"",""ZONA 57 Music"",0.734,0.727,7,-5.533,1,0.358,0.0903,0,0.152,0.438,82.168,4";;;;;;
"spotify:track:5FvBm21bpgoTjq6GQi4mu9,""Web Cam"",""El Talento del Bloque"",""Farruko"",2010-05-04,206262,67,false,,2026-04-25T15:09:00Z,""reggaeton,trap latino"",""Carbon Fiber Music"",0.748,0.757,7,-6.015,1,0.0471,0.223,0,0.389,0.531,80.995,4";;;;;;;;;
"spotify:track:1yBD8MNoNJGajzB5X83p9Z,""Hola Beba"",""Hola Beba"",""Farruko"",2010-12-04,216320,74,false,,2026-04-25T12:11:01Z,""reggaeton,trap latino"",""Farruko"",0.747,0.528,6,-8.267,0,0.0527,0.099,0,0.0845,0.603,86.964,4";;;;;;;;;
"spotify:track:5YJ4BVvTFmVCxUyhKejHfR,""Pa' Que Retozen"",""El Abayarde"",""Tego Calderón"",2003-07-01,151666,82,true,,2026-04-25T05:20:01Z,""reggaeton,hip hop latino"",""Jiggiri Records, Inc."",0.815,0.856,1,-3.825,0,0.122,0.4,0.0000834,0.244,0.872,91.995,4";;;;;;;;;
"spotify:track:0TGXhbsTJ1LohY8HvmxSvT,""Metele Sazón"",""Regaetton Hits"",""Tego Calderón"",2006-03-14,242520,58,false,,2026-04-25T05:19:51Z,""reggaeton,hip hop latino"",""2006 Reggaeton Hits"",0.845,0.651,2,-7.928,0,0.0606,0.493,0.000888,0.0736,0.913,95.043,4";;;;;;;;;
"spotify:track:30FURVTCpbKyykjSEQzGkH,""Back To Black"",""Back To Black"",""Amy Winehouse"",2006-10-27,240440,83,true,,2026-04-20T11:29:20Z,"""",""Universal-Island Records Ltd."",0.49,0.725,10,-3.304,1,0.0392,0.123,0.0000268,0.0983,0.335,123.28,4";;;;;;;;;
"spotify:track:3QhblCgkjpbYIkB6kfMsyE,""Changó"",""Servicios Ambulatorioz"",""Alcolirykoz"",2017-11-30,244120,54,true,,2026-04-16T15:25:49Z,""hip hop latino,rap"",""Alcolirykoz"",0.651,0.634,3,-8.075,0,0.0827,0.73,0.00721,0.24,0.725,84.96,4";;;;;;;;;
"spotify:track:7alCXsTZKXD4aycbEdmJ6c,""Insurgentes"",""La Familia, Cap. 1"",""Crack Family";"Engendros Del Pantano"",2010-01-01,220969,50,true,,2026-04-08T12:20:51Z,""hip hop latino"",""Crack Family"",0.778,0.558,0,-12.656,1,0.302,0.122,0,0.0914,0.584,93.016,4";;;;;;;;
"spotify:track:2iZINYGeA2eNGViJVUXhUM,""Lo Entendí"",""Lo Entendí"",""Keenwan"",2018-03-28,216781,35,false,,2026-04-08T12:16:54Z,""hip hop latino"",""The real homie Records"",0.577,0.471,9,-10.917,0,0.458,0.49,0,0.0924,0.58,81.027,4";;;;;;;;;
"spotify:track:2ruECBeMo1OYLgj4UclxgV,""Falsedades"",""Mixtape Remix"",""Tres Coronas";Rocca;"PNO"",2001,280626,51,true,,2026-04-08T12:10:45Z,""hip hop latino,rap francés"",""Parcero Productions"",0.576,0.735,1,-4.588,1,0.208,0.0699,0,0.621,0.873,85.175,4";;;;;;;
"spotify:track:13m83sYVFg7IR4H0oi4hGi,""Tengo Tiempo"",""Cristal Flow"",""Keenwan"",2012-01-12,147934,41,false,,2026-04-08T12:05:56Z,""hip hop latino"",""Beat One Kapital Records"",0.699,0.865,8,-4.652,1,0.35,0.0721,0.00000621,0.144,0.929,84.164,4";;;;;;;;;
"spotify:track:7M3KyYaVUCSsCalhShI8yH,""Dices (Remix) [feat. Arcangel & Wisin]"",""Dices (Remix) [feat. Arcangel & Wisin]"",""De La Ghetto";Arcángel;"Wisin"",2015-10-23,274074,67,false,,2026-04-07T14:15:19Z,""reggaeton,trap latino,urbano latino,Música latina"",""Latin Nation Entertainment"",0.753,0.91,1,-3.26,0,0.0688,0.306,0,0.103,0.922,162.005,4";;;;;;;
"spotify:track:2M92bACIlBqgeb4gxIzZUf,""Dices"",""Dices"",""De La Ghetto"",2015-03-24,215626,67,true,,2026-04-07T14:14:10Z,""reggaeton,trap latino,urbano latino"",""Latin Nation Entertainment"",0.717,0.889,8,-4.168,0,0.0448,0.361,0.0016,0.274,0.898,162.035,4";;;;;;;;;
"spotify:track:5SE62j47eAyxSOplRGS6st,""Fronteo"",""Love And Sex"",""Plan B"",2014-09-09,203973,73,false,,2026-04-02T23:03:30Z,""reggaeton"",""Pina Records"",0.872,0.848,4,-4.901,0,0.0872,0.151,0.000344,0.132,0.406,88.006,4";;;;;;;;;
"spotify:track:1zwMYTA5nlNjZxYrvBB2pV,""Someone Like You"",""21"",""Adele"",2011-01-24,285240,80,false,,2026-04-02T02:29:44Z,""pop suave"",""XL Recordings"",0.556,0.319,9,-8.251,1,0.0281,0.893,0,0.0996,0.294,135.187,4";;;;;;;;;
"spotify:track:5XeFesFbtLpXzIVDNQP22n,""I Wanna Be Yours"",""AM"",""Arctic Monkeys"",2013-09-09,183956,93,false,,2026-03-30T20:49:20Z,""indie,garage rock"",""Domino Recording Co"",0.464,0.417,0,-9.345,0,0.0256,0.136,0.022,0.0974,0.479,67.528,4";;;;;;;;;
"spotify:track:5FVd6KXrgO9B3JPmC8OPst,""Do I Wanna Know?"",""AM"",""Arctic Monkeys"",2013-09-09,272394,90,false,,2026-03-30T20:49:17Z,""indie,garage rock"",""Domino Recording Co"",0.548,0.532,5,-7.596,1,0.0323,0.186,0.000263,0.217,0.405,85.03,4";;;;;;;;;
"spotify:track:2vOMp7BoIYsFqioMiMwz3y,""Dedicación Evolución"",""Dedicación Evolución"",""Keenwan"",2013-04-22,272711,46,false,,2026-03-30T20:28:38Z,""hip hop latino"",""La Loquera Producciones"",0.7,0.711,5,-7.905,0,0.385,0.247,0.000024,0.101,0.858,173.993,4";;;;;;;;;
"spotify:track:1XmAR6YAkAGPXNYzxJZ0Lb,""Dejenla Sonar"",""Dejenla Sonar"",""Espitia Und";3punto3 pana;"Alecc"",2023-03-16,197207,53,true,,2026-03-30T20:21:48Z,"""",""Espitia Und, 3punto3 pana and Jokysam"",0.62,0.747,7,-4.462,1,0.344,0.136,0,0.341,0.799,83.19,4";;;;;;;
"spotify:track:3N8oT0e5dq8DGFnJ8sQyVG,""Hoy por Hoy"",""Agua"",""Crack Family"",2016-09-18,304440,53,true,,2026-03-30T20:18:46Z,""hip hop latino"",""Crack Home Music"",0.733,0.576,11,-5.563,1,0.033,0.00855,0.00262,0.111,0.443,83.234,4";;;;;;;;;
"spotify:track:6elfKlMH2OLGQ8ULdkYd9x,""Nuestra Noche"",""Nuestra Noche"",""Diken Mc"",2021-10-29,193504,45,false,,2026-03-30T20:14:35Z,"""",""Diken Mc - Oficial"",0.703,0.485,7,-10.318,1,0.0721,0.423,0,0.295,0.73,84.992,4";;;;;;;;;
"spotify:track:2kZ2w0URcT9ZVbVoJM9uNL,""Como Yo Te Amo"",""Blanco el Sucio (Clásicos), Vol. 1"",""Fondo Blanco"",2022-12-15,196127,51,true,,2026-03-30T20:14:05Z,""hip hop latino"",""Fondo Blanco 19"",0.759,0.3,1,-16.527,1,0.0919,0.0336,0.000114,0.111,0.302,89.995,4";;;;;;;;;
"spotify:track:5jyZJJ0IPrXrMVd6cDgLf1,""Amorsura"",""Rompe Cabezas"",""Clafseis"",2012-03-01,235409,42,false,,2026-03-30T20:07:51Z,""hip hop latino"",""DeGenErrado"",0.733,0.707,5,-6.676,0,0.0642,0.211,0,0.242,0.582,83.031,4";;;;;;;;;
"spotify:track:2ejhfcRm60F1qpBazNlJCw,""Castillos de Papel"",""Banda Sonora: Las Tetas de Mi Madre"",""Crack Family"",2015-12-18,218106,52,true,,2026-03-30T20:04:00Z,""hip hop latino"",""Crack Home Music"",0.55,0.553,9,-14.413,0,0.532,0.71,0,0.0939,0.656,81.047,4";;;;;;;;;
"spotify:track:56ZeMj2XsXTD2AMRqmQcX1,""Dame un Poquito de Ti"",""Dame un Poquito de Ti"",""Big Stan"",2021-09-17,232228,51,false,,2026-03-30T19:59:23Z,""hip hop latino"",""Big Stan"",0.799,0.346,2,-7.781,0,0.0661,0.673,0,0.0882,0.477,79.8,4";;;;;;;;;
"spotify:track:6IiLE58op045rmV3fp33a2,""Estrella, Luna y Tierra"",""DEJEN LA BULLA"",""Big Stan"",2015-09-19,136254,44,false,,2026-03-30T19:53:50Z,""hip hop latino"",""Big Stan"",0.761,0.559,3,-10.294,0,0.51,0.0293,0,0.097,0.273,82.514,4";;;;;;;;;
"spotify:track:2Honklohe9Jg9tv24YkCZC,""Me Volví Loco"",""Buena Suerte"",""King Kong Click";Bubaseta;"Subwoffer"",2013-05-24,194168,59,false,,2026-03-30T19:52:25Z,""hip hop latino"",""King Kong Click"",0.697,0.59,6,-6,1,0.539,0.102,0,0.0718,0.913,178.148,4";;;;;;;
"spotify:track:2vWUBOmMS1W6x2dhovTp97,""Luna - En Vivo"",""MTV Unplugged Música De Fondo"",""Zoé"",2011-01-01,280419,58,false,,2026-03-30T19:51:23Z,""rock en español,rock mexicano,indie mexicano,alternativa latina,indie latino,rock latino"",""EMI Mexico"",0.216,0.461,9,-9.34,0,0.0313,0.136,0.000575,0.754,0.149,180.012,3";;;;;;;;;
"spotify:track:6mzQmJnyAaaHg9WeASMKgz,""No Mientas"",""No Mientas"",""Malucci";"Ele A El Dominio"",2019-05-17,237923,30,true,,2026-03-30T07:42:09Z,""trap latino,trap"",""Third World Gang"",0.832,0.658,1,-7.161,1,0.086,0.0899,0.0000168,0.163,0.225,129.912,4";;;;;;;;
"spotify:track:5yJaXWIErrrsjQ3J0eR5aK,""The Night We Met"",""Strange Trails"",""Lord Huron"",2015-04-07,208226,91,false,,2026-03-30T06:09:49Z,"""",""Lord Huron"",0.44,0.378,2,-9.545,1,0.045,0.968,0.272,0.639,0.105,174.121,3";;;;;;;;;
"spotify:track:4Gg1tYCl7rWR4laKbdtPA4,""Daylight"",""Daylight"",""David Kushner"",2023-04-14,212953,74,false,,2026-03-30T06:04:16Z,"""",""Miserable Music Group"",0.508,0.43,2,-9.475,0,0.0335,0.83,0.000441,0.093,0.324,130.09,4";;;;;;;;;
"spotify:track:2pbSCYzxrG0wa6qcj8IyiE,""Cuando No Era Cantante - Remix"",""Cuando No Era Cantante (Remix)"",""El Bogueto";Anuel AA;Fuerza Regida;"Yung Beef"",2025-12-10,327488,89,true,,2026-03-30T02:35:53Z,""reggaeton mexa,reggaeton,trap latino,urbano latino,Música latina,corrido,corridos tumbados,corridos bélicos,música mexicana,banda,sierreño,sierreño triste,electrocorridos,neoperreo"",""El Bogueto"",0.695,0.851,11,-3.566,0,0.0448,0.247,0,0.103,0.795,166.128,4";;;;;;
"spotify:track:2Mgur7BKnpr7OG3izSNFTA,""Esclava - Remix"",""Esclava (Remix)"",""Bryant Myers";Anuel AA;Anonimus;"Almighty"",2016-05-01,281545,83,false,,2026-03-29T04:32:36Z,""trap latino,reggaeton,urbano latino,trap,Música latina"",""Millogang Music Inc., Real Hasta La Muerte LLC, Anonimus Music, La Industria De Los Inmortales"",0.648,0.66,3,-6.177,1,0.2,0.351,0,0.365,0.519,119.644,4";;;;;;
"spotify:track:2rnvFmtBu8L32HcFXgBf9F,""La Paso Cabrón (feat. Gigolo y La Exce, Falsetto y Sammy, Mike Duran & Baby Angel)"",""Trap Capos: Season 1"",""Trap Capos";Noriel;Gigolo Y La Exce;Sammy & Falsetto;Mike Duran;"Baby Angel"",2016-10-07,303640,78,true,,2026-03-26T22:57:22Z,""trap latino,trap,dembow,reggaeton"",""Sony Music Latin"",0.681,0.619,7,-8.34,1,0.0807,0.469,0,0.14,0.27,100.005,4";;;;
"spotify:track:4WDSPCfr60K0HI7YYhEHKu,""Netflixxx"",""Netflixxx"",""Brytiago";"Bad Bunny"",2017-06-29,219007,76,true,,2026-03-26T22:54:30Z,""trap latino,reggaeton,urbano latino,trap,Música latina"",""Business Music"",0.703,0.615,6,-5.647,0,0.119,0.691,0,0.131,0.637,134.82,4";;;;;;;;
"spotify:track:6gI7UZyH9wwAaRfcF070Hz,""Salgamos"",""The Beginning"",""KEVIN ROLDAN";Andy Rivera;"Maluma"",2017-01-20,229011,70,false,,2026-03-26T22:15:29Z,""reggaeton,trap latino,urbano latino,música colombiana popular,Música latina"",""Kapital Music & Entertainment"",0.841,0.552,8,-6.428,1,0.131,0.0856,0.00000445,0.281,0.867,79.998,4";;;;;;;
"spotify:track:3cdecPxEdxk99munEMVQ01,""Si Te Dejas Llevar"",""Si Te Dejas Llevar (feat. Juanka)"",""Ozuna";"Juanka"",2015-06-17,227996,73,true,,2026-03-26T14:10:20Z,""reggaeton,trap latino,Música latina,urbano latino,reggaeton chileno"",""Rimas Entertainment LLC"",0.744,0.874,10,-3.569,0,0.0515,0.103,0,0.774,0.853,81.98,4";;;;;;;;
"spotify:track:6vtFApLsXuSSiBRmpf81nW,""Si No Te Enamoras"",""The Beginning"",""KEVIN ROLDAN"",2017-01-20,242986,62,false,,2026-03-26T14:08:04Z,""reggaeton,trap latino,urbano latino"",""Kapital Music & Entertainment"",0.827,0.712,1,-5.814,0,0.195,0.00873,0.000619,0.216,0.773,167.984,4";;;;;;;;;
"spotify:track:1Kgyx7NLtzsa3gWV1efGHu,""Sexy Movimiento"",""Wisin Vs Yandel """"Los Extraterrestres"""""",""Wisin & Yandel"",2007-01-01,209680,78,false,,2026-03-26T13:51:58Z,""reggaeton,urbano latino"",""UMLE - Machete"",0.816,0.757,10,-6.16,0,0.0395,0.382,0.00000328,0.147,0.726,104.992,4";;;;;;;;;
"spotify:track:00C97lUG7Y0TY0KLv7p32h,""Sábado Rebelde"",""Sábado Rebelde"",""Daddy Yankee";"Plan B"",2015-02-24,240266,70,false,,2026-03-26T13:47:56Z,""reggaeton,Música latina"",""Craft Latino"",0.771,0.905,6,-3.268,0,0.155,0.11,0.00000751,0.656,0.858,163.981,4";;;;;;;;
"spotify:track:5EFAloMY9VlEKrjllKoXjL,""Mil Lágrimas"",""Fénix"",""Nicky Jam"",2017-01-20,208346,66,false,,2026-03-26T13:41:13Z,""reggaeton,Música latina"",""Sony Music Latin"",0.7,0.528,1,-5.979,0,0.0496,0.267,0,0.0892,0.718,79.987,4";;;;;;;;;
"spotify:track:4w8XJ8nvhslJS3AvR6uL98,""Un Sueño"",""Gargolas 5: The Next Generation"",""Alex Gargolas";"R.K.M & Ken-Y"",2006,245106,69,false,,2026-03-26T13:30:55Z,""reggaeton"",""Rimas Classics LLC."",0.788,0.676,1,-6.114,1,0.0663,0.17,0.0496,0.355,0.811,95.011,4";;;;;;;;
"spotify:track:3QwBODjSEzelZyVjxPOHdq,""Otra Vez (feat. J Balvin)"",""Motivan2"",""Zion & Lennox";"J Balvin"",2016-09-30,209453,82,false,,2026-03-26T13:27:13Z,""reggaeton,Música latina"",""WEA Latina"",0.832,0.772,10,-5.429,1,0.1,0.0559,0.000486,0.44,0.704,96.016,4";;;;;;;;
"spotify:track:4ObjArCiona7v0xbZ83rUZ,""Bien Loco"",""Bien Loco"",""Nova y Jory"",2009-06-26,218044,70,false,,2026-03-26T13:24:57Z,""reggaeton"",""JM World Music"",0.515,0.812,7,-5.06,0,0.361,0.411,0,0.101,0.779,169.981,4";;;;;;;;;
"spotify:track:1KqMy6u20pZA7glHbJqw2E,""Tu quieres"",""Puesto Pa Lo Mio"",""Amaro";"Ñejo & Dalmata"",2013-02-22,212128,60,true,,2026-03-26T13:21:16Z,""reggaeton"",""Dinastia INC"",0.737,0.563,8,-8.742,1,0.117,0.417,0,0.0633,0.785,80.001,4";;;;;;;;
"spotify:track:16IrggPagfE6dOjttBR9al,""Curiosidad"",""Nicky Jam Hits"",""Nicky Jam"",2014-09-09,201525,43,false,,2026-03-26T13:17:45Z,""reggaeton,Música latina"",""Nicky Jam"",0.757,0.783,8,-6.003,0,0.0931,0.215,0,0.335,0.898,150.068,4";;;;;;;;;
"spotify:track:3H7UaBpIlxh6gCC9LBDzsM,""A Que No Te Atreves"",""Alta Jerarquia (El Patrón)"",""Tito """"El Bambino""""";"Chencho Corleone"",2014-12-09,186760,75,false,,2026-03-25T17:37:22Z,""reggaeton,urbano latino"",""On Fire Music"",0.772,0.796,0,-5.205,1,0.0755,0.27,0,0.307,0.804,89.993,4";;;;;;;;
"spotify:track:3phGZ5oFBLaEluf23rcvVJ,""El Bus"",""La Voz"",""Yelsid"",2019-08-15,224725,61,false,,2026-03-25T17:34:04Z,""reggaeton"",""Yelsid"",0.752,0.804,10,-5.195,1,0.0419,0.272,0,0.0522,0.802,172.05,4";;;;;;;;;
"spotify:track:7aeFdNS1Nz7akNmrAL948y,""Juego Prohibidos"",""Nicky Jam Hits"",""Nicky Jam"",2014-09-09,191297,58,false,,2026-03-25T17:32:56Z,""reggaeton,Música latina"",""Nicky Jam"",0.739,0.702,8,-5.957,0,0.155,0.271,0,0.0872,0.635,172.042,4";;;;;;;;;
"spotify:track:7L6OH2Vvayl3qMnmZxhsNh,""Voy a Beber"",""Nicky Jam Hits"",""Nicky Jam"",2014-09-09,212377,58,false,,2026-03-25T17:31:37Z,""reggaeton,Música latina"",""Nicky Jam"",0.798,0.736,9,-5.769,0,0.0552,0.0395,0,0.0708,0.907,81.993,4";;;;;;;;;
"spotify:track:1LszjjoVwDDZcWUQbzeDLG,""Explícale (feat. Bad Bunny)"",""#Update"",""Yandel";"Bad Bunny"",2017-09-08,223133,76,false,,2026-03-22T06:58:03Z,""reggaeton,urbano latino,trap latino,Música latina"",""Sony Music Latin"",0.808,0.69,1,-4.151,1,0.148,0.0583,0,0.103,0.64,125.086,4";;;;;;;;
"spotify:track:7acURarwO3OFjtUKzzQq1T,""Miedo"",""Una Niña Inútil"",""Cazzu"",2020-08-28,189666,61,false,,2026-03-19T14:12:01Z,""trap argentino,trap latino,turreo"",""UMLE - Latino"",0.689,0.342,11,-10.129,0,0.071,0.608,0.0425,0.22,0.217,129.962,4";;;;;;;;;
"spotify:track:5HxcRTUT0X0X7WzwPoj0cm,""Bombos y Tarolas"",""Sincopa"",""Cartel De Santa"",2010-06-11,292160,74,true,,2026-03-19T13:54:22Z,""hip hop mexicano,hip hop latino"",""RCA Records Label"",0.894,0.65,10,-4.956,0,0.117,0.00248,0.00869,0.057,0.787,87.982,4";;;;;;;;;
"spotify:track:3NqbKUOgaU2LgIFRbu4B12,""Éxtasis"",""Así Soy Yo"",""Millonario & W. Corona";"Cartel De Santa"",2012-01-17,289013,78,true,,2026-03-19T13:41:41Z,""hip hop mexicano,hip hop latino"",""Babilonia Music, S.A. de C.V."",0.937,0.791,0,-5.242,1,0.087,0.0205,0.000234,0.0433,0.974,119.965,4";;;;;;;;
"spotify:track:76YpLOgJcD2YInDHs5u69s,""De la Vida Como Pelicula, Tragedia, Comedia y Ficcion"",""De la Vida Como Pelicula, Tragedia, Comedia y Ficcion"",""Canserbero";"Afromak"",2011-09-16,481000,72,false,,2026-03-18T03:30:18Z,""hip hop latino,rap"",""Fundacion El Canserbero"",0.584,0.808,0,-5.342,1,0.281,0.638,0,0.0969,0.709,88.407,4";;;;;;;;
"spotify:track:3dYZbtgD0eSL4uJFtiI2D0,""Lo Que Más Importa"",""1306"",""Penyair";Realidad Mental;"Alka Produce"",2023-04-21,214708,54,false,,2026-03-18T03:28:08Z,""hip hop latino,hip hop mexicano"",""Penyair"",0.795,0.62,5,-5.923,0,0.338,0.56,0.00177,0.0583,0.562,84.966,4";;;;;;;
"spotify:track:3nef5W8jTkXrOKgCu4kmq7,""Dangerous Woman"",""Dangerous Woman"",""Ariana Grande"",2016-04-01,235946,82,false,,2026-03-17T12:46:26Z,""pop"",""Universal Records"",0.664,0.602,4,-5.369,0,0.0412,0.0529,0,0.356,0.289,134.049,3";;;;;;;;;
"spotify:track:11MyiSGZSYSmhhqwGUTtAq,""Sad Girl"",""Ultraviolence (Deluxe)"",""Lana Del Rey"",2014-01-01,317760,81,false,,2026-03-17T11:21:54Z,"""",""Polydor Records"",0.345,0.587,5,-8.346,1,0.0364,0.539,0.0731,0.119,0.258,119.479,4";;;;;;;;;
"spotify:track:447r2keRxpkINmWYp83MlH,""Maquiavélico"",""Muerte"",""Canserbero"",2012-03-22,284708,64,false,,2026-03-16T17:08:03Z,""hip hop latino,rap"",""La Biblioteca, LLC"",0.554,0.868,11,-5.386,1,0.116,0.544,0,0.142,0.402,92.907,4";;;;;;;;;
"spotify:track:41i7NlbHryL4wBXnVCc4vL,""No Se Si Fue"",""No Se Si Fue"",""Arcángel"",2013-01-01,213185,61,false,,2026-03-14T17:55:19Z,""reggaeton,trap latino,urbano latino"",""La Factoria Del Flow"",0.855,0.536,11,-10.514,0,0.0891,0.331,0.000711,0.0833,0.794,92.024,4";;;;;;;;;
"spotify:track:70FCugJxa7XW04Np6iYJdI,""21 Questions"",""Get Rich Or Die Tryin'"",""50 Cent";"Nate Dogg"",2003-02-06,224440,80,true,,2026-03-13T11:50:04Z,""hip hop vieja escuela,East Coast hip hop,g-funk,West Coast hip hop"",""Shady Records"",0.646,0.813,6,-3.846,0,0.299,0.349,0.0000937,0.0427,0.895,92.729,4";;;;;;;;
"spotify:track:0pqnGHJpmpxLKifKRmU6WP,""Believer"",""Evolve"",""Imagine Dragons"",2017-06-23,204346,89,false,,2026-03-13T11:47:39Z,"""",""Kid Ina Korner / Interscope"",0.776,0.78,10,-4.374,0,0.128,0.0622,0,0.081,0.666,124.949,4";;;;;;;;;
"spotify:track:60a0Rd6pjrkxjPbaKzXjfq,""In the End"",""Hybrid Theory (Bonus Edition)"",""Linkin Park"",2000-10-24,216880,91,false,,2026-03-13T11:39:32Z,""nu metal,rap metal,rock,metal alternativo"",""Warner Records"",0.556,0.864,3,-5.87,0,0.0584,0.00958,0,0.209,0.4,105.143,4";;;;;;;;;
"spotify:track:5D2mYZuzcgjpchVY1pmTPh,""Candy Shop"",""The Massacre"",""50 Cent";"Olivia"",2005-03-03,209106,83,true,,2026-03-12T14:34:40Z,""hip hop vieja escuela,East Coast hip hop"",""Aftermath/Shady"",0.613,0.574,11,-7.961,1,0.467,0.0253,0.0000313,0.38,0.755,125.18,5";;;;;;;;
"spotify:track:7MiZjKawmXTsTNePyTfPyL,""Devil Eyes"",""Providence"",""Hippie Sabotage"",2016-02-05,131271,78,false,,2026-03-12T14:32:04Z,"""",""iHipHop Distribution"",0.391,0.396,1,-8.621,0,0.189,0.702,0.405,0.315,0.199,99.112,5";;;;;;;;;
"spotify:track:4woTEX1wYOTGDqNXuavlRC,""Superman"",""The Eminem Show"",""Eminem";"Dina Rae"",2002-05-26,350320,84,true,,2026-03-12T14:24:30Z,""rap,hip hop"",""Eminem Catalog PS"",0.802,0.755,4,-3.138,0,0.0564,0.0215,0,0.295,0.58,130.027,4";;;;;;;;
"spotify:track:7iL6o9tox1zgHpKUfh9vuC,""In Da Club"",""Get Rich Or Die Tryin'"",""50 Cent"",2003-02-06,193466,84,true,,2026-03-12T14:21:05Z,""hip hop vieja escuela,East Coast hip hop"",""Shady Records"",0.899,0.713,6,-2.752,0,0.366,0.255,0,0.0708,0.777,90.051,4";;;;;;;;;
"spotify:track:1DIXPcTDzTj8ZMHt3PDt8p,""Gangsta's Paradise"",""Gangsta's Paradise"",""Coolio";"L.V."",1995-11-07,240693,89,false,,2026-03-12T14:00:54Z,""West Coast hip hop,g-funk"",""Tommy Boy Music, LLC"",0.647,0.514,8,-10.05,1,0.0593,0.0655,0,0.398,0.386,79.975,4";;;;;;;;
"spotify:track:2sG6jc5DrpPmEnMkWdaEPq,""Te Acuerdas de Mí"",""Te Acuerdas de Mí"",""Plan B"",2017-07-14,214346,57,false,,2026-03-12T13:47:23Z,""reggaeton"",""Pina Records"",0.894,0.712,5,-5.762,0,0.0857,0.27,0,0.0915,0.676,90.013,4";;;;;;;;;
"spotify:track:2qeeRyIwPBqC89Do4Tg3s6,""Zapatito Roto (feat. Tego Calderon)"",""Zapatito Roto (feat. Tego Calderon)"",""Plan B";"Tego Calderón"",2013-06-07,246783,53,false,,2026-03-12T13:38:38Z,""reggaeton,hip hop latino"",""Pina Records"",0.782,0.763,2,-5.059,1,0.348,0.0421,0,0.0869,0.614,190.019,4";;;;;;;;
"spotify:track:0Sr7ssScx54yxdM2ols7nW,""Q U E V A S H A C E R H O Y ?"",""PRIMERA MUSA"",""Omar Courtz";"De La Rose"",2024-09-20,224022,84,true,,2026-03-11T23:16:05Z,"""",""Mr.305 Records / Rimas Entertainment LLC."",0.56,0.681,6,-6.304,0,0.244,0.103,0,0.106,0.388,155.079,4";;;;;;;;
"spotify:track:0vnrhysrKKRdNYFKLAGzRc,""Loca"",""Loca"",""KHEA";Duki;Cazzu;Omar Varela;"MYKKA"",2017-11-22,246382,76,true,,2026-03-11T23:11:24Z,""trap argentino,trap,trap latino,turreo,rkt"",""MUEVA"",0.834,0.753,8,-3.011,1,0.0486,0.342,0,0.108,0.462,113.058,4";;;;;
"spotify:track:0a0JiZejbYYem1W31fldde,""En Las Noches Frias"",""Real G 4 Life"",""Ñengo Flow"",2011-05-14,255905,78,false,,2026-03-11T22:33:02Z,""reggaeton,trap latino"",""Real G 4 Life"",0.529,0.706,5,-6.716,0,0.207,0.0309,0,0.0944,0.849,76.831,4";;;;;;;;;
"spotify:track:6d8owCU2kQ63h5bB8YYjv3,""Pam Pam"",""Juntos Otra Vez"",""Wisin & Yandel"",2018-12-14,227400,78,false,,2026-03-11T12:12:20Z,""reggaeton,urbano latino"",""UMLE - Machete"",0.87,0.686,10,-6.396,1,0.096,0.119,0,0.256,0.76,95.016,4";;;;;;;;;
"spotify:track:5BrVJGkFTBPAMRl5hIE9A7,""Cositas Que Haciamos"",""Cositas Que Haciamos"",""Farruko"",2011-11-12,242306,75,false,,2026-03-11T10:30:21Z,""reggaeton,trap latino"",""Farruko"",0.658,0.816,1,-5.709,1,0.0466,0.103,0.00000497,0.103,0.519,161.97,4";;;;;;;;;
"spotify:track:0MIcPSq9n2z5H8TAfEstri,""Quiero Repetir"",""Odisea"",""Ozuna";"J Balvin"",2017-08-25,200986,70,false,,2026-03-04T21:46:24Z,""reggaeton,trap latino,Música latina,urbano latino"",""VP Records Corp/Dimelo Vi"",0.608,0.753,0,-4.748,0,0.368,0.103,0,0.0996,0.482,97.626,4";;;;;;;;
"spotify:track:3wsHE9iypGYLWLe3nypsMe,""Pegao"",""Pegao"",""Wisin & Yandel"",2006-01-01,234320,68,false,,2026-03-02T17:22:52Z,""reggaeton,urbano latino"",""Machete Music"",0.788,0.673,3,-9.272,1,0.27,0.556,0,0.348,0.818,96.053,4";;;;;;;;;
"spotify:track:3Ga6eKrUFf12ouh9Yw3v2D,""Downtown"",""Downtown"",""Anitta";"J Balvin"",2017-11-19,193456,81,false,,2026-03-01T18:37:07Z,""pop brasileño,funk pop,funk brasileño,funk carioca,reggaeton,Música latina"",""WM Brazil"",0.775,0.679,4,-4.985,0,0.135,0.18,0.0000726,0.068,0.619,166.008,4";;;;;;;;
"spotify:track:1r5mgtowxhqse44YVzCk6x,""Stupid Love Story"",""Apa y Can"",""Canserbero";"Apache"",2012-12-31,286466,75,false,,2026-02-19T21:10:27Z,""hip hop latino,rap"",""Fundacion El Canserbero"",0.756,0.532,8,-8.593,1,0.37,0.501,0,0.509,0.547,93.998,4";;;;;;;;
"spotify:track:0IBhXEEKXhv0bdpboaw5M3,""Sabanas Blancas"",""Frenia"",""La Santa Grifa"",2023-07-14,254000,81,true,,2026-02-18T19:55:59Z,""hip hop mexicano,hip hop latino,sierreño triste"",""La Santa Grifa"",0.743,0.537,1,-10.633,1,0.123,0.18,0,0.326,0.602,135.005,3";;;;;;;;;
"spotify:track:7LABrQFfRYcZUqUwng0Heb,""Encantadora"",""Dangerous"",""Yandel"",2015-11-06,240092,82,false,,2026-02-16T17:35:57Z,""reggaeton,urbano latino"",""Sony Music Latin"",0.662,0.874,8,-4.509,1,0.0471,0.147,0,0.141,0.926,169.943,4";;;;;;;;;
"spotify:track:7LQKuOaqJrNgVIGLFnfvdn,""Million Dollar Man"",""Born To Die - The Paradise Edition"",""Lana Del Rey"",2012-01-01,231573,65,false,,2026-02-14T16:40:32Z,"""",""Polydor Records"",0.382,0.589,6,-5.991,1,0.0359,0.484,0,0.131,0.511,65.627,4";;;;;;;;;
"spotify:track:6a9g8wT59D7UgBrLSOvc7J,""Fuego"",""Error 93"",""Cazzu"",2019-06-03,129039,47,false,,2026-02-09T17:44:40Z,""trap argentino,trap latino,turreo"",""Rimas Entertainment LLC"",0.489,0.24,9,-13.928,0,0.124,0.902,0.0000208,0.136,0.0525,139.115,4";;;;;;;;;
"spotify:track:2PUdyEnqZUh3zICKE4Fu8N,""Besalo"",""El Androide"",""El Alfa";"Rauw Alejandro"",2020-05-15,163265,72,true,,2026-02-09T17:38:50Z,""dembow,urbano latino,Música latina,reggaeton,trap latino"",""EL JEFE RECORDS LLC"",0.765,0.79,4,-2.129,0,0.0488,0.394,0.000487,0.142,0.613,147.03,4";;;;;;;;
"spotify:track:6vA94HEu4bIXJ3uq5EvA1h,""Vas a Querer Volver - Bonus Track"",""JonTrapVolta"",""Jon Z";"Ñengo Flow"",2017-11-24,230590,70,true,,2026-02-09T17:23:40Z,""trap latino,trap,dembow,reggaeton"",""CFD Distro"",0.932,0.656,8,-4.368,1,0.214,0.0927,0,0.32,0.293,127.03,4";;;;;;;;
"spotify:track:485JmpoH8UEc14UJeSwJXT,""Fantasías"",""Maldade$"",""Cazzu"",2017-10-25,201036,52,false,,2026-02-09T17:19:36Z,""trap argentino,trap latino,turreo"",""Cazzu"",0.83,0.521,11,-8.571,0,0.0494,0.263,0.000068,0.149,0.359,117,4";;;;;;;;;
"spotify:track:3b5lTXq9xEWvMiKOVJQh97,""Puedo Ser"",""Puedo Ser"",""Cazzu";"Maikel Delacalle"",2018-08-17,198889,60,true,,2026-02-09T17:13:52Z,""trap argentino,trap latino,turreo"",""Cazzu"",0.905,0.635,1,-6.96,0,0.095,0.163,0,0.13,0.723,124.973,4";;;;;;;;
"spotify:track:5hKjEpYrJIJs6uPl7zw6Y6,""No Te Hagas"",""No Te Hagas"",""Jory Boy";"Bad Bunny"",2017-03-11,233250,80,false,,2026-02-09T17:10:10Z,""reggaeton,trap latino,Música latina,urbano latino"",""Young Boss Entertainment"",0.748,0.69,0,-3.812,0,0.0477,0.0353,0,0.315,0.433,131.972,4";;;;;;;;
"spotify:track:6xP8vlX3SozwZTNDIrpUpG,""Besame Sin Sentir"",""The Classics, Vol. 1"",""Micro TDH"",2022-06-09,248485,69,true,,2026-02-09T17:00:42Z,"""",""King TDH LLC"",0.458,0.581,8,-9.279,1,0.267,0.229,0,0.199,0.591,170.14,4";;;;;;;;;
"spotify:track:04QLFxiUzVVD6kFekO0FIZ,""Chapiadora"",""Chapiadora"",""Cazzu";Omar Varela;"MYKKA"",2018-03-30,209213,63,false,,2026-02-09T16:50:08Z,""trap argentino,trap latino,turreo,rkt,trap"",""MUEVA"",0.909,0.851,1,-1.577,1,0.132,0.356,0.000172,0.0778,0.702,120.018,4";;;;;;;
"spotify:track:57x0IGrEHEdoy5QMBlcitJ,""Mucha Data"",""Error 93"",""Cazzu"",2019-06-03,154065,69,true,,2026-02-09T16:50:05Z,""trap argentino,trap latino,turreo"",""Rimas Entertainment LLC"",0.695,0.522,8,-7.271,1,0.321,0.192,0.0000994,0.0816,0.327,134.979,4";;;;;;;;;
"spotify:track:73IDFiVRBOtKgeZ3xzPeN6,""Otra Mujer"",""Otra Mujer"",""Ñengo Flow";"Bryant Myers"",2017-04-14,222980,57,true,,2026-02-08T05:59:55Z,""reggaeton,trap latino,urbano latino,trap"",""Real G Music, LLC"",0.754,0.354,8,-14.079,1,0.0815,0.564,0.000137,0.147,0.242,121.96,4";;;;;;;;
"spotify:track:0qqnsZeoW0ZdpyaW50cuNh,""Penas y Problemas"",""Error 93"",""Cazzu"",2019-06-03,195880,52,false,,2026-02-08T04:39:40Z,""trap argentino,trap latino,turreo"",""Rimas Entertainment LLC"",0.74,0.471,5,-8.881,0,0.138,0.331,0.000402,0.219,0.339,99.87,4";;;;;;;;;
"spotify:track:2NTR2sACm10hmFzAMzbUs1,""N.A.V.E."",""N.A.V.E."",""Cazzu"",2018-10-12,180459,57,false,,2026-02-08T04:35:23Z,""trap argentino,trap latino,turreo"",""Cazzu"",0.864,0.448,9,-7.717,1,0.267,0.665,0.00000688,0.0854,0.549,114.004,4";;;;;;;;;
"spotify:track:4fupMAdqqIoMrTPZuLt6Jz,""C14TORCE II"",""C14TORCE II"",""Cazzu"",2019-02-14,196363,63,false,,2026-02-08T03:40:45Z,""trap argentino,trap latino,turreo"",""Espantapájaros"",0.737,0.432,1,-6.473,0,0.0336,0.339,0.00000154,0.093,0.191,109.961,4";;;;;;;;;
"spotify:track:0m1zfGk4oYfj4NxBLNheHZ,""Visto a las 00:00"",""Error 93"",""Cazzu"",2019-06-03,180989,60,false,,2026-02-08T03:40:28Z,""trap argentino,trap latino,turreo"",""Rimas Entertainment LLC"",0.671,0.554,7,-7.28,1,0.479,0.643,0.0000208,0.126,0.24,177.644,4";;;;;;;;;
"spotify:track:127ozySECKXKSVUkcwUIdt,""No Dice Na"",""Real G 4 Life Baby, Pt. 2.5"",""Ñengo Flow"",2012-10-23,287746,68,true,,2026-02-06T23:26:10Z,""reggaeton,trap latino"",""Real G 4 Life"",0.502,0.87,2,-4.208,1,0.254,0.179,0,0.087,0.713,169.634,4";;;;;;;;;
"spotify:track:5AK6QqM8aUXXTk6oY00ZRh,""444 - Remix"",""444 (Remix)"",""Yan Block";De La Rose;Hades66;"Ñengo Flow"",2025-10-30,299325,82,true,,2026-02-06T23:20:45Z,""trap latino,reggaeton"",""SONAR LLC."",0.578,0.695,1,-5.084,0,0.107,0.175,0,0.305,0.357,88.729,4";;;;;;
"spotify:track:3jDSw6Az8zfeYcVNQ6h46t,""Consejo de Oro"",""Diamante de mi barrio (Diamante A)"",""Cejaz Negraz"",2022-01-20,213013,57,true,,2026-02-04T19:13:19Z,""hip hop latino"",""Crack Home Music"",0.617,0.759,11,-7.155,0,0.184,0.478,0,0.253,0.961,88.8,4";;;;;;;;;
"spotify:track:4DKAya1DJWQncWAv24FHE0,""Si Me Necesitas (Remix)"",""Si Me Necesitas (Remix)"",""Andy Rivera";"Baby Rasta y Gringo"",2013-05-08,167351,57,false,,2026-01-04T23:59:39Z,""reggaeton,música colombiana popular,trap latino"",""Andy Rivera"",0.782,0.766,9,-4.239,0,0.0467,0.394,0.00462,0.372,0.931,92.004,4";;;;;;;;
"spotify:track:0DiIYGkl5zB8gX6Ydxouyv,""Dile A Tu Amiga - Remix"",""Dile A Tu Amiga (Remix)"",""Dalmata";Totoy El Frio;"Pj Sin Suela"",2022-04-08,186947,60,true,,2026-01-04T23:55:03Z,""reggaeton,urbano latino"",""WM Mexico"",0.83,0.874,2,-4.495,1,0.0523,0.217,0,0.0295,0.788,95.015,4";;;;;;;
"spotify:track:388YhDYxPvaDIZQHWqpB4E,""Punto y Aparte"",""Rompe La Discoteca"",""Tego Calderón"",2009-11-10,206493,76,true,,2025-12-31T03:03:11Z,""reggaeton,hip hop latino"",""CdA Recordings"",0.808,0.767,1,-4.912,0,0.0445,0.255,0.0197,0.0886,0.722,94.998,4";;;;;;;;;
"spotify:track:62XjvgIuYjHBvPjAw8Xw9K,""Baby Boo"",""14 F"",""Wise";"DJ Luian"",2015-07-14,214784,48,false,,2025-12-31T01:49:56Z,""reggaeton,trap latino"",""Codiscos"",0.772,0.802,10,-4.738,0,0.318,0.16,0,0.307,0.901,169.918,4";;;;;;;;
"spotify:track:6otKe7rdZ8cglaBVysEODT,""Nadie Como Tu"",""Nadie Como Tu"",""Wisin & Yandel";"Don Omar"",2008-01-01,223266,68,false,,2025-12-31T01:33:35Z,""reggaeton,urbano latino"",""Machete Music"",0.812,0.725,4,-5.178,0,0.181,0.382,0,0.236,0.774,92.983,4";;;;;;;;
"spotify:track:6hLjcgRbZcbs1eYT2MODJJ,""Automovil - Remix"",""Reggaetronik, Vol 1"",""Ñejo & Dálmata";"Plan B"",2015-01-01,250827,35,false,,2025-12-31T00:52:20Z,""reggaeton"",""Genius Musik"",0.734,0.854,8,-5.454,0,0.237,0.423,0,0.0847,0.886,170.133,4";;;;;;;;
"spotify:track:614NVFo5csQqRnryl4jXs2,""El Teléfono"",""The Bad Boy"",""Héctor """"El Father""""";"Wisin & Yandel"",2006-01-01,235626,83,false,,2025-12-04T22:03:26Z,""reggaeton,urbano latino"",""UMLE - Machete"",0.808,0.682,2,-7.128,1,0.0963,0.171,0.00000142,0.464,0.491,89.987,4";;;;;;;;
"spotify:track:6OaGIYcVzx5c7aEKkuYS1M,""Permítame"",""La Melodia de la Calle """"Updated"""""",""Tony Dize";"Yandel"",2009,184000,82,false,,2025-11-28T17:21:29Z,""reggaeton,urbano latino"",""Pina Records"",0.641,0.696,8,-7.329,1,0.171,0.0182,0,0.103,0.857,214.025,4";;;;;;;;
"spotify:track:4YFoQUkj0XXJgTiHp8d61y,""Quizas - Remix"",""Los Vaqueros Wild Wild Mixes"",""Tony Dize";Ken-Y;"Marioso"",2007-01-01,240200,74,false,,2025-11-27T18:20:20Z,""reggaeton"",""WY Records"",0.787,0.679,9,-4.913,1,0.0658,0.416,0,0.15,0.875,89.988,4";;;;;;;
"spotify:track:3nV7QGv51syv5DoXKeo27C,""Solo Es Mejor"",""Te Pintaron Pajaritos"",""Yandar & Yostin"",2016-12-30,197032,55,false,,2025-11-26T02:16:16Z,""reggaeton"",""Yandar & Yostin"",0.731,0.967,9,-1.962,0,0.182,0.121,0,0.0724,0.969,159.958,4";;;;;;;;;
"spotify:track:2wgDAPgBhFA7pnIbm0YOhP,""Me Mata"",""Me Mata"",""Bad Bunny";Mambo Kingz;DJ Luian;Arcángel;Almighty;Bryant Myers;Noriel;Baby Rasta;"Brytiago"",2017-04-11,412631,75,false,,2025-11-20T23:58:29Z,""reggaeton,trap latino,Música latina,urbano latino,trap,dembow"",""Hear This Music"",0.841,0.53,9,-11.467,1,0.205,0.551,0,0.119,0.686,114.028,4";
"spotify:track:21qg0IBZf8R12qHd9A3AA4,""Salvatore"",""Honeymoon"",""Lana Del Rey"",2015-09-18,281093,83,false,,2025-11-20T11:04:11Z,"""",""Polydor Records"",0.304,0.311,11,-9.647,0,0.0344,0.675,0.00195,0.12,0.115,117.68,4";;;;;;;;;
"spotify:track:3YT1coaqAGWLRBIBJOu8AN,""En Su Nota"",""King Of Kings"",""Don Omar";"Mackie Ranks"",2006-01-01,219333,71,false,,2025-11-11T23:26:25Z,""reggaeton,urbano latino"",""UMLE - Machete"",0.656,0.843,6,-5.927,0,0.272,0.00501,0.0000237,0.156,0.883,192.018,4";;;;;;;;
"spotify:track:5ADrOgdsPV1BjT8RmlV6PC,""En Las Noches Frias"",""Real G 4 Life"",""Ñengo Flow"",2011-05-14,255904,13,false,,2025-11-04T12:34:19Z,""reggaeton,trap latino"",""full records"",0.592,0.703,0,-6.696,0,0.138,0.0337,0,0.0894,0.882,81.231,4";;;;;;;;;
"spotify:track:0nPGZNoj1fUNMQdNCwEeda,""Privado"",""Privado - Single"",""Rvssian";Nicky Jam;Farruko;Arcángel;"Konshens"",2016-11-18,260127,64,true,,2025-11-04T12:27:15Z,""trap latino,dancehall,reggaeton,Música latina,urbano latino,soca,riddim,ragga,reggae,shatta"",""Head Concussion Records"",0.749,0.547,8,-6.778,0,0.144,0.0135,0,0.118,0.343,127.054,4";;;;;
"spotify:track:1Ym6aMuT5bliaZMC67AmPp,""Cherry"",""Lust For Life"",""Lana Del Rey"",2017-07-21,180902,75,true,,2025-11-01T22:06:20Z,"""",""Polydor Records"",0.449,0.534,8,-9.493,0,0.0494,0.048,0.0011,0.384,0.342,94.261,3";;;;;;;;;
"spotify:track:1nbbifPCyhOP4ggkKNkIyP,""Snap Chat - Remix"",""Snap Chat (Remix)"",""Lary Over";"Anuel AA"",2016-06-22,346110,58,true,,2025-10-28T13:34:54Z,""trap latino,trap,dembow,reggaeton,urbano latino,Música latina"",""2016 Young Hollywood Music Group, LLC."",0.771,0.54,9,-6.49,1,0.0468,0.619,0.0000313,0.316,0.227,113.96,4";;;;;;;;
"spotify:track:1ztjK7Bw9o4eaGsT7dOoma,""Cleptomania"",""Los Invasores de la Avenida"",""Engendros Del Pantano"",2012-03-01,217803,46,true,,2025-10-23T01:28:22Z,""hip hop latino"",""Estudio Creativo Universal"",0.615,0.898,2,-3.15,1,0.314,0.0744,0,0.289,0.643,183.929,4";;;;;;;;;
"spotify:track:6jczZKn34CKP1OoyAJO9O2,""Tosco"",""Tosco"",""Fondo Blanco"",2022-12-16,292127,52,false,,2025-10-23T01:23:06Z,""hip hop latino"",""Fondo Blanco"",0.811,0.531,7,-10.104,0,0.187,0.159,0,0.0951,0.772,95.997,4";;;;;;;;;
"spotify:track:3yyMBZXZXL5ihfHihlnChG,""Buena Cejon"",""Psicomagia"",""Cejaz Negraz"",2018-08-19,162723,55,false,,2025-10-23T01:10:24Z,""hip hop latino"",""Crack Home Music"",0.594,0.537,7,-13.728,1,0.404,0.48,0,0.253,0.637,175.879,4";;;;;;;;;
"spotify:track:4aYhFY9ITenqSodAXyOeGg,""Lova"",""Edición Especial"",""Movimiento Original"",2010-01-01,214413,59,false,,2025-10-23T01:02:26Z,""hip hop latino,reggae en español,reggae"",""Movimiento Original"",0.766,0.577,5,-7.351,0,0.301,0.186,0,0.135,0.868,81.482,4";;;;;;;;;
"spotify:track:0wWpNOMOgKtWodVZnGplJO,""Reina"",""Buscando Millones"",""Cejaz Negraz"",2010-06-23,213613,57,true,,2025-10-23T00:55:25Z,""hip hop latino"",""Crack Home Music"",0.811,0.394,6,-7.326,0,0.257,0.066,0,0.0884,0.874,76.999,4";;;;;;;;;
"spotify:track:3D3GhPBoHPfofHxXajN9OZ,""Tan Solo Fuimos"",""Tan Solo Fuimos"",""Almas de Barrio"",2016-08-25,252786,53,true,,2025-10-23T00:52:43Z,""hip hop latino"",""Almas de Barrio"",0.557,0.63,0,-10.284,0,0.429,0.468,0,0.414,0.656,170.177,4";;;;;;;;;
"spotify:track:55mzJ0LftLnef8sxAjrMkU,""Debo Entender"",""Debo Entender"",""Santa Fe Klan";Neto Peña;"Yoss Bones"",2019-12-12,238419,73,false,,2025-10-23T00:46:46Z,""hip hop mexicano,hip hop latino,r&b latino"",""473 Music"",0.678,0.457,0,-6.854,1,0.177,0.741,0,0.113,0.563,72.156,4";;;;;;;
"spotify:track:1UpJMfx6fGd6HvZxz9fFjt,""Planta Medicinal"",""Planta Medicinal"",""Santa Fe Klan";"Bubaseta"",2020-03-12,227735,57,true,,2025-10-23T00:44:34Z,""hip hop mexicano,hip hop latino"",""473 Music"",0.687,0.491,9,-5.048,0,0.328,0.408,0.00000101,0.199,0.815,75.929,4";;;;;;;;
"spotify:track:45pI8224KKX9Gx5fiyvEAh,""The Blackest Day"",""Honeymoon"",""Lana Del Rey"",2015-09-18,365760,72,false,,2025-10-22T18:09:41Z,"""",""Polydor Records"",0.445,0.522,2,-8.007,1,0.0331,0.363,0.000487,0.0797,0.162,107.752,4";;;;;;;;;
"spotify:track:15actjx4Wa7QVrq75SURHV,""Choca"",""Love And Sex"",""Plan B"",2014-09-09,220986,73,false,,2025-10-18T11:36:54Z,""reggaeton"",""Pina Records"",0.856,0.838,4,-4.919,0,0.12,0.217,0.00000555,0.0586,0.497,88.024,4";;;;;;;;;
"spotify:track:3gYco8uoFBmpxqYlz3Zhs7,""0 Sentimientos (Remix) [feat. Baby Rasta, Darkiel, Messiah & Lyan]"",""Chosen Few: New Generation"",""Boy Wonder CF";Jon Z;Noriel;Baby Rasta;Darkiel;Messiah;LYAN;"High Quality"",2023-11-21,335736,71,false,,2025-10-18T10:57:46Z,""reggaeton,trap latino,trap,dembow,urbano latino,riddim"",""Chosen Few Emerald Ent. Inc."",0.894,0.721,4,-5.829,0,0.259,0.155,0,0.154,0.392,107.963,4";;
"spotify:track:0DgvJHXNXpvHBTrOPwC7v4,""El Duelo"",""De Camino Pa La Cima"",""J Alvarez"",2013-12-04,187533,31,false,,2025-10-16T19:51:45Z,""reggaeton,urbano latino"",""Codiscos"",0.769,0.716,8,-6.11,0,0.0466,0.111,0,0.0909,0.726,92.997,4";;;;;;;;;
"spotify:track:0DzPECq3kQMI8TFcDwqxLy,""Pa' Que Mentir"",""Pa' Que Mentir"",""The Secret Panda";Ele A El Dominio;"Lito Kirino"",2017-09-14,218709,9,true,,2025-10-16T14:01:37Z,""trap latino,trap,dembow"",""The Secret Panda, LLC"",0.717,0.66,7,-4.765,0,0.14,0.171,0.0502,0.157,0.524,137.096,4";;;;;;;
"spotify:track:2e2ZtZbe6rQoOnUizqowNT,""C14TORCE II"",""C14TORCE II"",""Cazzu"",2019-02-14,196363,4,false,,2025-10-16T13:28:24Z,""trap argentino,trap latino,turreo"",""Espantapájaros"",0.737,0.432,1,-6.473,0,0.0336,0.337,0.00000139,0.093,0.19,109.96,4";;;;;;;;;
"spotify:track:15yuvKhcoEtV5KwKxqHSwa,""Burbujas de Cristal"",""Burbujas de Cristal"",""Cartel De Santa";"Millonario"",2019-12-16,224624,79,true,,2025-10-01T16:04:25Z,""hip hop mexicano,hip hop latino"",""Babilonia Music, S.A. De C.V."",0.783,0.75,1,-4.891,1,0.106,0.218,0,0.546,0.48,123.043,4";;;;;;;;
"spotify:track:2vtmY2mSccRzKGjtcHSzI3,""Diet Mountain Dew"",""Born To Die - The Paradise Edition"",""Lana Del Rey"",2012-01-01,222920,80,false,,2025-09-25T16:17:09Z,"""",""Polydor Records"",0.595,0.696,10,-5.921,0,0.0417,0.276,0,0.411,0.533,88.013,4";;;;;;;;;
"spotify:track:4RF4iaYoM1XBbdvmC6zRtD,""Lilith"",""Gardener of Eden"",""Saint Avangeline"",2022-04-22,255709,70,false,,2025-09-25T15:55:04Z,"""",""Saint Avangeline"",0.424,0.39,0,-9.042,1,0.0271,0.171,0.473,0.115,0.0396,110.003,4";;;;;;;;;
"spotify:track:7CyPwkp0oE8Ro9Dd5CUDjW,""One Of The Girls (with JENNIE, Lily Rose Depp)"",""The Idol Episode 4 (Music from the HBO Original Series)"",""The Weeknd";JENNIE;"Lily-Rose Depp"",2023-06-23,244684,92,false,,2025-09-25T15:48:21Z,""k-pop"",""XO / Republic Records"",0.264,0.64,8,-6.221,1,0.0442,0.0393,0.00000231,0.151,0.19,84.828,4";;;;;;;
"spotify:track:2mdEsXPu8ZmkHRRtAdC09e,""Cinnamon Girl"",""Norman Fucking Rockwell!"",""Lana Del Rey"",2019-08-30,300683,89,false,,2025-09-25T15:38:22Z,"""",""Polydor Records"",0.294,0.337,6,-10.614,0,0.036,0.814,0.414,0.14,0.135,91.781,5";;;;;;;;;
"spotify:track:3BJe4B8zGnqEdQPMvfVjuS,""Summertime Sadness"",""Born To Die - The Paradise Edition"",""Lana Del Rey"",2012-01-01,265427,86,false,,2025-09-25T15:31:18Z,"""",""Polydor Records"",0.565,0.654,1,-6.826,0,0.0335,0.0542,0.0000018,0.122,0.235,111.968,4";;;;;;;;;
"spotify:track:5Y6nVaayzitvsD5F7nr3DV,""West Coast"",""Ultraviolence (Deluxe)"",""Lana Del Rey"",2014-01-01,256760,84,false,,2025-09-25T15:24:28Z,"""",""Polydor Records"",0.527,0.591,6,-7.664,0,0.0396,0.194,0.0194,0.0907,0.461,123.167,4";;;;;;;;;
"spotify:track:1NZs6n6hl8UuMaX0UC0YTz,""Brooklyn Baby"",""Ultraviolence (Deluxe)"",""Lana Del Rey"",2014-01-01,351640,85,true,,2025-09-25T15:19:24Z,"""",""Polydor Records"",0.404,0.664,1,-6.698,1,0.0407,0.542,0.00402,0.11,0.0949,107.747,4";;;;;;;;;
"spotify:track:6PnluwP0fjGnpIBsqTdUTq,""Pretty When You Cry"",""Ultraviolence (Deluxe)"",""Lana Del Rey"",2014-01-01,234146,78,true,,2025-09-25T15:14:28Z,"""",""Polydor Records"",0.509,0.547,10,-6.548,0,0.0417,0.399,0,0.215,0.197,109.436,4";;;;;;;;;
"spotify:track:146AgwEEI6STqRZhKWdJbh,""Ella Te Las Va A Pegar (feat. Ele a el Dominio & Noriel)"",""Voodoo"",""Jon Z";Baby Rasta;Ele A El Dominio;"Noriel"",2019-06-21,217525,74,true,,2025-09-24T17:17:11Z,""trap latino,trap,dembow,reggaeton"",""Chosen Few Emerald Entertainment, Inc. / EMPIRE"",0.897,0.629,9,-4.456,0,0.194,0.315,0,0.18,0.278,120.019,4";;;;;;
"spotify:track:4dWY6RpM9zmYvwqxrNvwtV,""Tocame"",""Fuera de Órbita"",""La Santa Grifa"",2022-02-01,233064,80,true,,2025-09-24T15:55:39Z,""hip hop mexicano,hip hop latino,sierreño triste"",""La Santa Grifa"",0.647,0.367,11,-14.356,0,0.595,0.198,0,0.109,0.714,99.803,4";;;;;;;;;
"spotify:track:1uLAKESXylbYIK2tSMh7XT,""Deja"",""El Movimiento: The Mixtape"",""J Alvarez";Jory Boy;"Ñejo & Dalmata"",2010-11-16,276573,64,false,,2025-09-24T15:46:25Z,""reggaeton,urbano latino,trap latino"",""NelFlow Inc."",0.743,0.76,1,-5.48,1,0.13,0.224,0,0.362,0.756,81.007,4";;;;;;;
"spotify:track:2nMeu6UenVvwUktBCpLMK9,""Young And Beautiful"",""Young And Beautiful"",""Lana Del Rey"",2013-01-01,236053,89,false,,2025-09-23T20:03:31Z,"""",""Polydor Records"",0.324,0.416,11,-8.92,0,0.0368,0.262,0.0000369,0.11,0.151,113.986,4";;;;;;;;;
"spotify:track:2sA4woGW5KgEgGXXxOKPAZ,""Amigos y Enemigos (feat. Bad Bunny & Almighty) - Remix"",""Amigos y Enemigos (Remix)"",""Trap Capos";Noriel;Bad Bunny;"Almighty"",2017-02-06,295304,76,true,,2025-08-24T21:10:16Z,""trap latino,trap,dembow,reggaeton,Música latina,urbano latino"",""Sony Music Latin"",0.752,0.748,6,-3.755,1,0.0895,0.289,0,0.105,0.497,115.01,4";;;;;;
"spotify:track:4ZtSifmVEda37YUYnnHz1y,""Se Te Hizo Tarde"",""Se Te Hizo Tarde"",""Ñejo";Ele A;Jon Z;"Jamby El Favo"",2018-01-19,358764,22,true,,2025-08-23T13:35:56Z,""reggaeton,trap italiano,trap latino,trap,dembow"",""2018 La Fama Allstars, LLC."",0.698,0.801,10,-5.746,0,0.0639,0.319,0,0.316,0.905,169.995,4";;;;;;
"spotify:track:4L7aKl1mEGaysEqbfkNigM,""Martes De Galeria"",""Semblante Urbano"",""El Roockie";"De La Ghetto"",2007-01-01,266560,41,false,,2025-08-16T16:32:41Z,""reggae en español,reggaeton,trap latino,urbano latino"",""LT"",0.772,0.675,10,-4.316,0,0.0551,0.341,0,0.745,0.789,112.009,5";;;;;;;;
"spotify:track:2QAwkI8L0UVBpjHJ6PwBzn,""Passion Whine"",""Farruko Presents Los Menores"",""Farruko";"Sean Paul"",2016-02-22,213311,76,false,,2025-08-15T02:21:33Z,""reggaeton,trap latino,dancehall"",""Carbon Fiber Music"",0.756,0.689,10,-3.87,0,0.0648,0.327,0,0.0586,0.782,162.006,4";;;;;;;;
"spotify:track:6gXWURMA2o0R6pB0z64K6Q,""Lola"",""Lola"",""Jedis";Gote;"Nolep"",2021-03-28,263000,76,true,,2025-08-08T15:18:00Z,""reggaeton mexa"",""jedismusic"",0.797,0.851,5,-3.588,0,0.0636,0.318,0,0.296,0.968,74.013,4";;;;;;;
"spotify:track:60MoJbvR2Bc11U6BVnYLRE,""Soltandose El Pelo"",""Soltandose El Pelo"",""Sammy & Falsetto";"Ñengo Flow"",2012-05-27,242181,54,true,,2025-08-04T17:32:45Z,""reggaeton,trap latino"",""SourceLid, LLC"",0.703,0.73,1,-4.802,0,0.345,0.384,0,0.433,0.863,178.013,4";;;;;;;;
"spotify:track:0BenZn1xELuxhb7Pjwyjxv,""Hooka"",""Meet The Orphans"",""Don Omar";"Plan B"",2010-01-01,237973,78,false,,2025-08-04T17:20:02Z,""reggaeton,urbano latino"",""UMLE - Machete"",0.73,0.863,1,-5.082,1,0.153,0.0373,0,0.491,0.818,170.017,4";;;;;;;;
"spotify:track:0Imc5xRXd0eV9Ln55M1kz6,""More"",""La Fórmula"",""Zion";Jory Boy;"Ken-Y"",2012-08-21,240733,77,false,,2025-08-04T17:15:35Z,""reggaeton,trap latino"",""Pina Records"",0.686,0.78,1,-6.662,0,0.107,0.191,0,0.118,0.867,172.059,4";;;;;;;
"spotify:track:2CRXFBkRh0V7FZL5kuiqdO,""Amnesia"",""Amnesia"",""La Santa Grifa"",2021-06-11,188604,75,true,,2025-08-04T17:10:51Z,""hip hop mexicano,hip hop latino,sierreño triste"",""La Santa Grifa"",0.818,0.638,11,-6.926,0,0.225,0.00673,0,0.495,0.783,112.753,4";;;;;;;;;
"spotify:track:2amAkuq2kUFgo87zQLMorw,""Hace Mucho Tiempo"",""Sentimiento, Elegancia y Maldad"",""Arcángel"",2013-11-19,171333,73,false,,2025-08-04T15:26:03Z,""reggaeton,trap latino,urbano latino"",""Pina Records"",0.688,0.768,8,-5.626,0,0.0747,0.611,0.0000268,0.114,0.737,89.966,4";;;;;;;;;
"spotify:track:62NeZ2Vtrz5HgtQibleMNs,""Diablita (feat. Anuel AA & Baby Rasta)"",""Trap Capos: Season 1"",""Trap Capos";Noriel;Anuel AA;"Baby Rasta"",2016-10-07,213613,77,true,,2025-08-04T15:22:01Z,""trap latino,trap,dembow,reggaeton,urbano latino,Música latina"",""Sony Music Latin"",0.807,0.631,8,-4.883,1,0.111,0.407,0,0.117,0.126,129.902,4";;;;;;
"spotify:track:6d3q0F9VNtdxQUTVlRcet6,""Querer Querernos"",""Querer Querernos"",""Canserbero"",2011-09-16,240047,78,false,,2025-08-04T15:07:14Z,""hip hop latino,rap"",""Fundacion El Canserbero"",0.667,0.677,8,-8.469,0,0.23,0.659,0.000014,0.113,0.632,93.643,4";;;;;;;;;
"spotify:track:4WcgfJRhF4gCGHbpucxype,""Ella Se Contradice (Remix)"",""Ella Se Contradice (Remix)"",""Baby Rasta y Gringo";Plan B;Kendo Kaponi;Don Omar;"Syko"",2017-09-25,361013,28,false,,2025-08-04T14:16:49Z,""reggaeton,trap latino,urbano latino"",""Wolflow Music"",0.762,0.706,4,-9.23,0,0.301,0.353,0,0.707,0.924,76.519,4";;;;;
"spotify:track:4UY2PRyi0QvA64E9piLWAh,""Y Si La Ves"",""Y Si La Ves"",""Ñejo"",2013-01-01,198125,34,false,,2025-08-02T17:57:33Z,""reggaeton"",""La Fama Alstars, LLC."",0.636,0.673,4,-6.159,0,0.268,0.499,0.000013,0.794,0.737,78.629,4";;;;;;;;;
"spotify:track:1Cq6CuteRDm9u5cYnNq3Wk,""Imagínate Tu"",""Los Illusions, Vol. 1"",""Luigi 21 Plus";"Los Illusions"",2017-02-24,195520,50,true,,2025-08-02T17:46:48Z,""reggaeton"",""2017 Los Illusions Music"",0.773,0.74,1,-4.221,1,0.377,0.238,0,0.149,0.738,170.004,4";;;;;;;;
"spotify:track:7zJLCXgUhTCKnEG2ZPrabh,""Tanto Tiempo"",""Back to Basics"",""Luigi 21 Plus"",2016-08-05,212133,62,false,,2025-08-02T17:38:50Z,""reggaeton"",""Bokisucio Music"",0.665,0.851,1,-4.101,0,0.304,0.39,0,0.0955,0.596,180.141,4";;;;;;;;;
"spotify:track:2uOnsMb9wfSUKj5fkvCpIk,""Flow Violento"",""La Fórmula (Deluxe Edition)"",""Arcángel"",2013-04-30,182586,47,false,,2025-08-02T17:21:39Z,""reggaeton,trap latino,urbano latino"",""Pina Records"",0.793,0.837,9,-6.21,1,0.153,0.259,0,0.162,0.941,80.021,4";;;;;;;;;
"spotify:track:3tI4duDhHmmz1Sp7RX0Jbq,""Mala Conducta (feat. Franco El Gorila)"",""Perreología"",""Alexis y Fido";"Franco """"El Gorilla"""""",2011-03-21,257880,70,false,,2025-08-02T12:34:29Z,""reggaeton,urbano latino"",""Sony Music Latin"",0.711,0.841,6,-4.775,0,0.0917,0.231,0.0000985,0.191,0.964,176.027,4";;;;;;;;
"spotify:track:2H6KJYbuaWiOeAJDkAwses,""Ushh"",""Just Do It"",""Mr. Fox"",2021-02-22,215063,0,true,,2025-08-02T12:30:34Z,""guaracha,dancehall"",""Golden House Records"",0.678,0.659,6,-7.157,0,0.278,0.0449,0,0.165,0.696,180.068,4";;;;;;;;;
"spotify:track:6s2T0cUL8fCxivUgxz7sBE,""Hoy Me Atrevo"",""Broke & Famous"",""Ñejo & Dalmata"",2007-01-01,208733,63,false,,2025-08-02T12:22:09Z,""reggaeton"",""Urban Music"",0.854,0.846,0,-6.641,1,0.146,0.158,0.0000255,0.0525,0.805,98.004,4";;;;;;;;;
"spotify:track:4nuFE7WmAXiJ56RXZbiG43,""Tu Chapo"",""Tu Chapo"",""Ele A El Dominio"",2017-11-22,243795,60,true,,2025-07-31T19:59:09Z,""trap latino,trap"",""Codeine Niggas, LLC"",0.757,0.486,10,-12.425,0,0.28,0.498,0.000706,0.092,0.337,126.083,4";;;;;;;;;
"spotify:track:2dIb0TIw2UJDQJGZTFkceR,""Mi Puta"",""Mi Puta"",""Ele A El Dominio"",2017-01-04,219909,61,true,,2025-07-31T19:55:41Z,""trap latino,trap"",""Codeine Niggas, LLC"",0.925,0.329,7,-14.335,1,0.213,0.455,0.00655,0.11,0.53,122.048,4";;;;;;;;;
"spotify:track:05yMrCIM3QQVLhlAlLMUVQ,""Señal De Vida"",""Ñejo & Dalmata Special Edition"",""Dalmata";"Ñejo"",2012-10-01,240255,70,true,,2025-07-29T22:32:36Z,""reggaeton"",""Dalmata & NEJO"",0.724,0.678,6,-6.681,0,0.0739,0.12,0.000788,0.587,0.687,171.968,4";;;;;;;;
"spotify:track:2snwj1VCe55PMcOt73GIaQ,""Deseo Animal"",""Dalmata Collection"",""Dalmata"",2014-11-11,246830,49,false,,2025-07-29T22:32:30Z,""reggaeton"",""Fm Music Corp"",0.765,0.787,2,-6.47,1,0.0572,0.136,0.00268,0.0828,0.862,97.99,4";;;;;;;;;
"spotify:track:2XuHpCSBb7eo3kiHYF5OIK,""Dulce Carita (feat. Lennox & Zion)"",""Dulce Carita (feat. Zion & Lennox)"",""Dalmata";ZION;"Lennox"",2014-09-13,231253,66,false,,2025-07-29T22:29:29Z,""reggaeton"",""FM Music Corp."",0.715,0.731,1,-6.235,0,0.0572,0.104,0,0.0719,0.481,92.976,4";;;;;;;
"spotify:track:01vHGJRvJ6EZW9KO8NtZpi,""Un Polvo (feat. Bad Bunny, Arcángel, Ñengo Flow & De La Ghetto)"",""Un Polvo (feat. Bad Bunny, Arcángel, Ñengo Flow & De La Ghetto)"",""Maluma";Bad Bunny;Arcángel;Ñengo Flow;"De La Ghetto"",2016-11-16,306373,74,true,,2023-07-02T01:08:38Z,""reggaeton,Música latina,urbano latino,trap latino"",""Sony Music Latin"",0.811,0.681,6,-4.715,0,0.0712,0.673,0,0.636,0.468,134.062,4";;;;;
"spotify:track:4DS7HoqrKq1dDjeYOKBlu9,""De las 2 (feat. Bad Bunny & Arcángel)"",""Trap Capos II"",""Trap Capos";Noriel;Bad Bunny;"Arcángel"",2018-04-13,260386,81,true,,2023-07-02T01:02:03Z,""trap latino,trap,dembow,reggaeton,Música latina,urbano latino"",""Sony Music Latin/Ganda Entertainment"",0.744,0.696,8,-5.015,0,0.117,0.71,0,0.0808,0.406,120.146,4";;;;;;
"spotify:track:4HLGAcqh05iAqsCCs8ayrq,""Una Noche Más"",""The Beginning"",""KEVIN ROLDAN";"Nicky Jam"",2017-01-20,216000,66,false,,2023-07-02T00:52:26Z,""reggaeton,trap latino,urbano latino,Música latina"",""Kapital Music & Entertainment"",0.778,0.736,10,-6.007,1,0.145,0.516,0,0.431,0.639,169.979,4";;;;;;;;
"spotify:track:3AtfmXxTKKn0QIEbdRRvJI,""La Curiosidad"",""PB.DB. The Mixtape"",""Maluma"",2015-03-06,219186,69,false,,2023-07-02T00:47:33Z,""reggaeton,Música latina,urbano latino"",""Columbia"",0.614,0.785,11,-5.803,0,0.0499,0.122,0.000971,0.0729,0.624,168.034,4";;;;;;;;;
"spotify:track:7n4iUbP4pHEUwZU5kYuLgB,""Curiosidad"",""Curiosidad"",""Nicky Jam"",2013-07-03,201525,0,false,,2023-07-02T00:44:14Z,""reggaeton,Música latina"",""La Industria INC"",0.757,0.783,8,-6.003,0,0.0931,0.215,0,0.335,0.898,150.068,4";;;;;;;;;
"spotify:track:5h8Etk285Yfuk8bAjP3YtP,""Amor de Antes - Remix"",""Puesto pa lo mío"",""Amaro";Plan B;"Ñengo Flow"",2014-06-18,297960,0,false,,2023-07-02T00:36:11Z,""reggaeton,trap latino"",""Dinastia INC"",0.561,0.82,9,-5.452,0,0.219,0.359,0.00964,0.932,0.666,86.858,4";;;;;;;
"spotify:track:2csDKaGRNwR0J9gCtlLkWr,""Nunca Imagine - Remix"",""Nunca Imagine (Remix)"",""Justin Quiles";"KEVIN ROLDAN"",2015-07-24,206576,69,false,,2023-06-18T16:39:38Z,""reggaeton,trap latino,urbano latino"",""Rich Music/Ingrooves Records"",0.656,0.773,8,-3.971,1,0.155,0.0698,0,0.305,0.543,180.079,4";;;;;;;;
"spotify:track:6jCF6MQ050engg73RJnN87,""Nunca Me Amo"",""Nunca Me Amo"",""Boy Wonder CF";Jon Z;"Baby Rasta"",2017-09-01,199641,63,false,,2023-06-18T16:36:13Z,""reggaeton,trap latino,trap,dembow"",""Chosen Few Emerald Ent. Inc."",0.813,0.787,8,-4.098,0,0.177,0.216,0,0.0594,0.45,130.065,4";;;;;;;
"spotify:track:2oJH69cuNyWpCmZyTmvrEN,""Dutty Love"",""Don Omar Presents MTO2: New Generation"",""Don Omar";"NATTI NATASHA"",2012-01-01,285333,77,false,,2023-06-18T16:33:36Z,""reggaeton,urbano latino,Música latina,bachata"",""UMLE - Machete"",0.736,0.881,1,-3.339,1,0.0887,0.238,0.0000121,0.11,0.916,89.998,4";;;;;;;;
"spotify:track:0Mk48GaMgw0qz0auSymuHd,""Perdido En Tus Ojos"",""The Last Don II"",""Don Omar";"NATTI NATASHA"",2015-06-16,234080,63,false,,2023-06-18T16:32:08Z,""reggaeton,urbano latino,Música latina,bachata"",""UMLE - Machete"",0.684,0.882,5,-4.546,1,0.0312,0.169,0.00000195,0.226,0.787,95.986,4";;;;;;;;
"spotify:track:0A7uLa2SqVK5s5Y2V3kCyW,""Good Looking"",""Meet The Orphans"",""Don Omar"",2010-01-01,258613,70,false,,2023-06-18T16:26:01Z,""reggaeton,urbano latino"",""UMLE - Machete"",0.624,0.88,1,-6.695,1,0.159,0.00892,0,0.814,0.756,93.019,4";;;;;;;;;
"spotify:track:2Pur6ZCZD4jXqK8lWGQoCC,""Jangueo"",""King Of Kings"",""Don Omar"",2006-01-01,233480,45,false,,2023-06-18T16:25:30Z,""reggaeton,urbano latino"",""UMLE - Machete"",0.777,0.943,2,-4.187,0,0.115,0.0173,0.00000248,0.356,0.963,91.994,4";;;;;;;;;
"spotify:track:5ZKpfyH1GuLlml6ZHeEUnX,""Provócandome"",""The Last Don"",""Don Omar"",2003-01-01,132253,53,false,,2023-06-09T18:29:05Z,""reggaeton,urbano latino"",""UMLE - Machete"",0.796,0.74,5,-6.639,0,0.0588,0.528,0,0.193,0.769,95.018,4";;;;;;;;;
"spotify:track:5IRgWZTInHCWD4o6jlSJ5r,""Intocable"",""The Last Don"",""Don Omar"",2003-01-01,166720,52,false,,2023-06-09T18:27:03Z,""reggaeton,urbano latino"",""UMLE - Machete"",0.889,0.649,7,-8.073,1,0.165,0.0933,0.000409,0.101,0.449,95.029,4";;;;;;;;;
"spotify:track:468L8HV8IykzwRs4eEXn4Y,""Movimiento de Caderas"",""The SexyTrip"",""Rayo & Toby"",2011-01-28,190000,0,false,,2023-06-09T18:14:50Z,""reggaeton"",""Rayo & Toby"",0.726,0.584,7,-6.41,1,0.475,0.108,0,0.109,0.68,180.225,4";;;;;;;;;
"spotify:track:0JoHqmlqE0W0i9prt6kcHR,""Cuatro Babys (feat. Trap Capos, Noriel, Bryant Myers & Juhn)"",""Cuatro Babys (feat. Trap Capos, Noriel, Bryant Myers & Juhn)"",""Maluma";Trap Capos;Noriel;Bryant Myers;"Juhn"",2016-10-07,278013,83,true,,2023-06-06T11:58:16Z,""reggaeton,Música latina,urbano latino,trap latino,trap,dembow"",""Sony Music Latin"",0.772,0.547,6,-6.373,0,0.0541,0.0983,0.00000435,0.107,0.0957,130.099,4";;;;;
"spotify:track:4HTzn2qQZ7UqHtw1OsB8wc,""Obsesión"",""Magia"",""Maluma"",2012-08-07,180173,65,false,,2023-06-06T11:55:42Z,""reggaeton,Música latina,urbano latino"",""Columbia"",0.803,0.672,6,-6.187,0,0.108,0.461,0,0.0936,0.761,89.038,4";;;;;;;;;
"spotify:track:1iEwyiSLAunPR6uouANE0O,""El Perdedor"",""Pretty Boy, Dirty Boy"",""Maluma"",2015-10-30,207168,83,false,,2023-06-06T11:52:07Z,""reggaeton,Música latina,urbano latino"",""Sony Music Latin"",0.702,0.73,0,-5.173,0,0.099,0.425,0.00000125,0.148,0.879,173.967,4";;;;;;;;;
"spotify:track:6DUdDIRgLqCGq1DwkNWQTN,""Borro Cassette"",""Pretty Boy, Dirty Boy"",""Maluma"",2015-10-30,207296,86,false,,2023-06-06T11:48:55Z,""reggaeton,Música latina,urbano latino"",""Sony Music Latin"",0.73,0.701,5,-5.885,0,0.106,0.132,0,0.151,0.785,175.95,4";;;;;;;;;
"spotify:track:36cDiC7Akn1K36uJMcqISf,""Conteo"",""King Of Kings"",""Don Omar";"Juelz Santana"",2006-01-01,240026,62,false,,2023-06-06T11:13:40Z,""reggaeton,urbano latino"",""UMLE - Machete"",0.817,0.655,7,-6.956,0,0.224,0.211,0,0.312,0.32,92.994,4";;;;;;;;
"spotify:track:79zvVrn65ksbiGQxrtV4I5,""Guaya Guaya"",""The Last Don II"",""Don Omar"",2015-06-16,193613,81,false,,2023-06-06T10:17:27Z,""reggaeton,urbano latino"",""UMLE - Machete"",0.788,0.873,7,-2.322,1,0.117,0.00607,0.00052,0.0908,0.703,91.981,4";;;;;;;;;
"spotify:track:4nNeRNXmdZWfw3IjAnITZR,""Ella Se Contradice (feat. Plan B)"",""Ella Se Contradice (feat. Plan B)"",""Baby Rasta y Gringo";"Plan B"",2009-08-12,256756,38,false,,2023-06-06T10:14:28Z,""reggaeton"",""Eme Music"",0.768,0.758,4,-8.116,0,0.294,0.111,0,0.376,0.839,76.497,4";;;;;;;;
"spotify:track:4f49sFQko7jHLEFd3tCf5p,""Ojitos Chiquitos"",""King Of Kings"",""Don Omar"",2006-01-01,229026,79,false,,2023-06-06T10:10:01Z,""reggaeton,urbano latino"",""UMLE - Machete"",0.801,0.839,1,-3.267,0,0.24,0.0206,0.0000708,0.0946,0.792,170.013,4";;;;;;;;;
"spotify:track:5r8f7PiRsKLQaHnNlccl3R,""Se Cree Mala"",""La Fórmula"",""Plan B"",2012-08-20,267333,0,false,,2023-06-04T19:55:26Z,""reggaeton"",""Pina Records"",0.828,0.77,0,-5.292,1,0.0931,0.147,0.0000285,0.154,0.94,79.999,4";;;;;;;;;
"spotify:track:7d8eGSZucAMNn1stafoey2,""Te Dijeron"",""La Fórmula"",""Plan B"",2012-08-20,183853,1,false,,2023-06-04T19:52:11Z,""reggaeton"",""Pina Records"",0.785,0.86,4,-5.309,0,0.0512,0.127,0,0.408,0.547,89.978,4";;;;;;;;;
"spotify:track:42nEwCq8NImsQcdisEn8hF,"""",""Si No Le Contesto"","""",2010-01-01,0,0,false,,2023-06-04T19:48:20Z,"""",""La Society"",0.847,0.753,1,-4.698,0,0.0538,0.118,0,0.281,0.534,94.999,4";;;;;;;;;
"spotify:track:1AddbBdKFz8wdqatGVSsYS,""Es Un Secreto"",""Cipote Carnaval 2011"",""Plan B"",2011-06-20,192053,58,false,,2023-06-04T19:45:27Z,""reggaeton"",""Sony Music Entertainment"",0.838,0.732,6,-6.266,0,0.0432,0.114,0.00000149,0.0682,0.525,95.011,4";;;;;;;;;
"spotify:track:57UOrHZvvd3KxckM3D8Hvf,""¿Por Que Te Demoras?"",""¿Por Que Te Demoras?"",""Plan B"",2010-01-01,191400,55,false,,2023-06-04T19:42:23Z,""reggaeton"",""La Society"",0.887,0.784,2,-6.318,0,0.0703,0.0375,0,0.0544,0.928,96.044,4";;;;;;;;;
"spotify:track:5ZFpEsxK5VlLkJi3v7ar2Y,""Fanática Sensual"",""Love And Sex"",""Plan B"",2014-08-25,240320,4,false,,2023-06-04T19:38:44Z,""reggaeton"",""Pina Records"",0.793,0.853,1,-3.655,1,0.0477,0.0937,0,0.085,0.906,164.022,4";;;;;;;;;
"spotify:track:2YAQa5dl4GWo0GuVliWvdR,""Candy"",""Candy"",""Plan B"",2013-09-14,207528,72,false,,2023-06-04T19:36:06Z,""reggaeton"",""Pina Records"",0.9,0.858,11,-3.814,0,0.112,0.275,0,0.56,0.592,96.006,4";;;;;;;;;
"spotify:track:4fhF0iJffyUJReKSecg78m,""Mundo de Piedra"",""Muerte"",""Canserbero"",2012-03-22,284813,58,false,,2023-06-04T19:31:21Z,""hip hop latino,rap"",""La Biblioteca, LLC"",0.784,0.73,1,-6.177,0,0.191,0.00523,0,0.107,0.0415,94.409,4";;;;;;;;;
"spotify:track:2auNjgM4xIOANxtZT4Xe9z,""Pensando en Ti"",""Vida"",""Canserbero"",2010-01-01,244062,63,false,,2023-06-04T19:23:30Z,""hip hop latino,rap"",""La Biblioteca, LLC"",0.434,0.758,9,-4.807,0,0.312,0.597,0.00000293,0.248,0.473,178.589,4";;;;;;;;;
"spotify:track:1nSPlJY53DG3avK6UfpDpZ,""Jeremías 17-5"",""Muerte"",""Canserbero"",2012-03-22,318328,61,true,,2023-06-04T19:20:47Z,""hip hop latino,rap"",""La Biblioteca, LLC"",0.644,0.791,5,-4.587,1,0.273,0.157,0,0.314,0.408,91.753,4";;;;;;;;;
Track URI,Track Name,Album Name,Artist Name(s),Release Date,Duration (ms),Popularity,Explicit,Added By,Added At,Genres,Record Label,Danceability,Energy,Key,Loudness,Mode,Speechiness,Acousticness,Instrumentalness,Liveness,Valence,Tempo,Time Signature;;;;;;;;;
"spotify:track:1LzNfuep1bnAUR9skqdHCK,""Fade Into You"",""So Tonight That I Might See"",""Mazzy Star"",1993-10-05,295600,88,false,,2026-04-20T21:28:30Z,""dream pop,shoegaze,slowcore"",""Capitol Records"",0.417,0.33,9,-13.925,1,0.0275,0.247,0.000689,0.0677,0.175,157.113,3";;;;;;;;;
"spotify:track:3LDkLpuxQlEuEiZmkxpr8S,""Far From Any Road"",""Singing Bones"",""The Handsome Family"",2003-09-29,166493,73,false,,2026-04-20T19:57:31Z,""gótico sureño,country alternativo,americana"",""Milk & Scissors"",0.707,0.556,9,-10.101,0,0.0303,0.19,0.0159,0.388,0.746,120.028,4";;;;;;;;;
"spotify:track:5lDixe3b2yQDQ18lAUoSWq,""Wicked Game"",""Best Of Chris Isaak"",""Chris Isaak"",2006-05-09,286880,62,false,,2026-04-20T18:26:16Z,"""",""Chris Isaak"",0.664,0.552,9,-7.723,1,0.0264,0.746,0.00963,0.0838,0.287,112.52,4";;;;;;;;;
"spotify:track:2dURQIBrw3XcHyVZlfdpC1,""Two of Hearts"",""Better Than Heaven"",""Stacey Q"",1986,239693,69,false,,2026-03-20T23:14:44Z,""hi-nrg,disco italiano,freestyle"",""Atlantic Records"",0.824,0.506,5,-7.12,0,0.0291,0.124,0,0.113,0.654,130.717,4";;;;;;;;;
"spotify:track:2nMeu6UenVvwUktBCpLMK9,""Young And Beautiful"",""Young And Beautiful"",""Lana Del Rey"",2013-01-01,236053,89,false,,2026-01-07T20:22:50Z,"""",""Polydor Records"",0.324,0.416,11,-8.92,0,0.0368,0.262,0.0000369,0.11,0.151,113.986,4";;;;;;;;;
"spotify:track:5jqNQZBwbZWQXPWfo0ygZF,""Art Deco"",""Honeymoon"",""Lana Del Rey"",2015-09-18,295066,81,false,,2026-01-07T19:58:45Z,"""",""Polydor Records"",0.282,0.464,11,-11.112,0,0.0533,0.544,0.215,0.111,0.0596,148.345,5";;;;;;;;;
"spotify:track:0EF1EE8zusg3Y869e56JFd,""Nothing's New"",""Good God!"",""Rio Romeo"",2022-09-23,211000,81,false,,2026-01-07T19:48:43Z,"""",""FRTYFVE"",0.421,0.394,11,-8.312,1,0.0277,0.863,0.00000474,0.0984,0.399,96.192,3";;;;;;;;;
"spotify:track:2mdEsXPu8ZmkHRRtAdC09e,""Cinnamon Girl"",""Norman Fucking Rockwell!"",""Lana Del Rey"",2019-08-30,300683,89,false,,2026-01-07T19:40:02Z,"""",""Polydor Records"",0.294,0.337,6,-10.614,0,0.036,0.814,0.414,0.14,0.135,91.781,5";;;;;;;;;
"spotify:track:21qg0IBZf8R12qHd9A3AA4,""Salvatore"",""Honeymoon"",""Lana Del Rey"",2015-09-18,281093,83,false,,2026-01-07T18:21:48Z,"""",""Polydor Records"",0.304,0.311,11,-9.647,0,0.0344,0.675,0.00195,0.12,0.115,117.68,4";;;;;;;;;
"spotify:track:0wrWxW18WK2MkrfDpRHkyh,""Me and the Devil"",""Sugarbread"",""Soap&Skin"",2013-03-11,185000,79,false,,2026-01-07T18:15:47Z,"""",""[PIAS]"",0.584,0.446,7,-7.042,1,0.028,0.494,0.00783,0.111,0.222,89.302,4";;;;;;;;;
"spotify:track:2S2od3hT7ceytw7d1pTRuE,""Again (feat. XXXTENTACION)"",""Again (feat. XXXTENTACION)"",""Noah Cyrus";"XXXTENTACION"",2017-09-22,193961,84,false,,2026-01-07T17:54:11Z,""rap emo"",""Records Label, LLC"",0.664,0.738,9,-4.095,0,0.0338,0.188,0.0000575,0.135,0.203,119.973,4";;;;;;;;
"spotify:track:612bl0KHzyyxEhPzuMqM6e,""Golden Brown - Slowed Down Version"",""Golden Brown"",""The Stranglers"",1981-12-28,248494,82,false,,2026-01-07T17:41:49Z,""proto-punk,new wave"",""Rhino"",0.532,0.419,0,-13.466,0,0.032,0.145,0.0619,0.163,0.422,156.845,3";;;;;;;;;
"spotify:track:3qhlB30KknSejmIvZZLjOD,""End of Beginning"",""DECIDE"",""Djo"",2022-09-16,159245,97,false,,2026-01-07T17:39:24Z,"""",""Djo"",0.689,0.454,2,-7.643,1,0.0584,0.0351,0.00259,0.0707,0.912,159.982,4";;;;;;;;;
"spotify:track:0YVh3SyU4dS7jOWIFQ1tTf,""LET THE WORLD BURN"",""THE CASTLE NEVER FALLS"",""Chris Grey"",2024-10-18,163290,78,false,,2026-01-07T17:35:18Z,""dark r&b"",""Chris Grey"",0.377,0.557,5,-6.934,0,0.0311,0.128,0,0.163,0.248,92.89,4";;;;;;;;;
"spotify:track:63px7PzZZXf9SmQnp1nkwc,""If He Likes It Let Him Do It"",""Portamento"",""The Drums"",2011-01-01,231243,43,false,,2026-01-07T17:18:10Z,""indie"",""Universal-Island Records Ltd."",0.419,0.717,11,-6.71,0,0.0351,0.0267,0.0943,0.1,0.161,169.956,4";;;;;;;;;
"spotify:track:6XcoiOYiNbIxzpt8WRxq8Z,""Du hast"",""Sehnsucht (Remastered 2023)"",""Rammstein"",1997-08-22,235600,78,false,,2025-01-24T02:39:25Z,""metal industrial,metal,rock industrial,industrial"",""Vertigo Berlin"",0.642,0.899,9,-6.92,0,0.0381,0.00171,0.135,0.326,0.726,125.115,4";;;;;;;;;
"spotify:track:7chdmuCsp3cZDK1drpm3lj,""The Forsaken Waltz"",""The Forsaken Waltz"",""Joshua Kyan Aalampour"",2023-01-01,128783,0,false,,2024-10-07T08:23:33Z,""música clásica"",""Joshua Kyan Aalampour"",0.368,0.259,2,-15.208,1,0.0327,0.942,0.871,0.126,0.183,139.333,4";;;;;;;;;
"spotify:track:6QeYSvYqYUsfBzsApbjDHO,""Cigarettes out the Window"",""Who Really Cares"",""TV Girl"",2016-02-25,198960,87,false,,2024-06-23T22:50:51Z,"""",""TV Girl"",0.625,0.659,0,-5.669,1,0.0337,0.12,0,0.17,0.594,113.551,4";;;;;;;;;
"spotify:track:4NgherJDfCXWBZBYheM4jK,""WASTE"",""DISORDER"",""KXLLSWXTCH"",2021-10-29,120428,72,false,,2024-06-23T22:40:29Z,""trap metal"",""KILL! / EMPIRE"",0.627,0.123,7,-14.411,1,0.0316,0.859,0.00105,0.149,0.11,131.883,4";;;;;;;;;
"spotify:track:44A0o4jA8F2ZF03Zacwlwx,""Je te laisserai des mots"",""Je te laisserai des mots"",""Patrick Watson"",2010-09-10,160853,84,false,,2024-06-23T22:16:38Z,"""",""Secret City Records"",0.303,0.187,2,-16.757,1,0.0356,0.989,0.499,0.102,0.212,132.679,4";;;;;;;;;
"spotify:track:75c2zaSdDBSX0A8Jyvm4fO,""older"",""older"",""Isabel LaRosa"",2023-09-15,137778,76,false,,2024-06-23T22:08:39Z,"""",""Slumbo Labs/RCA Records"",0.466,0.51,3,-7.31,0,0.0348,0.0842,0.00000155,0.0912,0.418,67.513,4";;;;;;;;;
"spotify:track:57j65yC2HggQfmYNc6rdOK,""bad idea!"",""bad idea!"",""girl in red"",2019-09-03,219638,74,true,,2024-06-23T21:56:41Z,""bedroom pop"",""world in red"",0.513,0.807,1,-6.095,1,0.0481,0.0289,0.0548,0.246,0.419,162.026,4";;;;;;;;;
"spotify:track:50iiDJGpAPdr2VTrz999XA,""House Of Balloons / Glass Table Girls"",""Trilogy"",""The Weeknd"",2012-11-13,405213,76,true,,2024-06-23T21:47:49Z,"""",""CP Records"",0.65,0.711,0,-5.417,1,0.0377,0.0121,0.00995,0.301,0.32,89.019,4";;;;;;;;;
"spotify:track:3uNFRvQVEIEsQgHdZFw6Dk,""La petite fille de la mer - Remastered"",""L'apocalypse des animaux (Remastered)"",""Vangelis"",1973-01-01,354906,66,false,,2024-04-15T18:24:12Z,""new age"",""UMC (Universal Music Catalogue)"",0.208,0.153,6,-19.343,0,0.033,0.947,0.778,0.1,0.0385,89.653,3";;;;;;;;;
"spotify:track:3fEiEj84wmUT5z4H4G7bLY,""Dark Magic"",""Dark Magic"",""Niklas Wagner";"TMS Sports"",2021-11-17,130363,25,false,,2024-04-15T18:23:49Z,"""",""The Music Supervisors"",0.302,0.385,6,-14.376,0,0.0431,0.675,0.0157,0.054,0.112,100.775,3";;;;;;;;
"spotify:track:0QFu9jlDHm7UsY4Ut1rrPV,""The Colosseum"",""The Colosseum"",""Joshua Kyan Aalampour"",2022-09-09,224876,0,false,,2024-04-15T18:23:29Z,""música clásica"",""Joshua Kyan Aalampour"",0.261,0.437,7,-13.782,0,0.0497,0.83,0.965,0.116,0.206,134.107,3";;;;;;;;;
"spotify:track:0PcZV753TQUH4Pv4alLAJp,""Arno's Waltz"",""Arno's Waltz"",""Joshua Kyan Aalampour"",2022-10-10,166500,0,false,,2024-04-15T18:22:55Z,""música clásica"",""Joshua Kyan Aalampour"",0.48,0.355,1,-15.499,1,0.0314,0.898,0.915,0.321,0.251,66.69,4";;;;;;;;;
"spotify:track:2GTaqPwHbtHb6Co8tIbUim,""Yearning Hearts"",""Forgotten Odes"",""Eternal Eclipse"",2020-04-07,155458,48,false,,2024-04-15T18:21:58Z,""música orquestal"",""Eternal Eclipse"",0.416,0.613,7,-8.877,0,0.0421,0.13,0.697,0.434,0.204,158.102,3";;;;;;;;;
"spotify:track:2BaGvcAlSSQE8zNLXM4VGv,""La vaguelette"",""Genshin Impact - La vaguelette (Original Game Soundtrack)"",""HOYO-MiX";"Cécilia Cara"",2023-11-13,149520,60,false,,2024-04-15T18:17:24Z,""banda sonora"",""miHoYo"",0.504,0.309,0,-9.397,0,0.0299,0.35,0.000473,0.313,0.105,110.032,4";;;;;;;;
"spotify:track:62U6QswvtmPkhs6P4EjWXt,""Focalors' First Fontaine Felicitation (As Light Rain Falls Without Reason)"",""Version 4.0 Music Collection (from """"Genshin Impact"""")"",""Midnight City Music"",2023-08-10,168698,23,false,,2024-04-13T03:18:51Z,"""",""Midnight City Music"",0.461,0.5,9,-7.618,0,0.0342,0.0652,0.307,0.505,0.132,122.027,4";;;;;;;;;
"spotify:track:3V2tyq2xLeF9x2gQdYa9Xy,""Xiao's Sorrow (Endless Suffering) - Genshin Impact Character"",""Xiao's Sorrow (Endless Suffering) - Genshin Impact Character"",""Beside Bed";"Jordy Chandra"",2023-02-12,74000,24,false,,2024-04-13T02:41:49Z,""lo-fi,hip hop lo-fi"",""Mellow & Chill Records"",0.281,0.197,3,-13.158,1,0.0387,0.972,0.034,0.378,0.248,117.055,4";;;;;;;;
"spotify:track:0n2sLg3mtyxqGZMtGf0Uow,""Guizhong's Lullaby (Guzheng)"",""Genshin Impact - Guizhong's Lullaby"",""Jordy Chandra";"Beside Bed"",2021-06-10,92160,32,false,,2024-04-13T02:39:49Z,""lo-fi,hip hop lo-fi"",""Mellow & Chill Records"",0.541,0.00399,6,-27.06,1,0.0822,0.994,0.731,0.136,0.188,125.023,4";;;;;;;;
"spotify:track:4RLHj4aXHBZIWPBsXqEGgO,""The King's Affirmation"",""The King's Affirmation"",""Iniko"",2022-04-29,159344,61,false,,2024-03-24T03:37:29Z,"""",""Columbia"",0.671,0.465,11,-11.935,1,0.0382,0.468,0.00836,0.166,0.408,121.969,4";;;;;;;;;
"spotify:track:5PjdC2gMATetx5xdnwGUu7,""i wanna be your girlfriend"",""i wanna be your girlfriend"",""girl in red"",2018-03-02,204990,75,true,,2024-03-24T03:18:03Z,""bedroom pop"",""world in red"",0.541,0.382,7,-14.323,1,0.035,0.0215,0.000836,0.304,0.343,155.901,4";;;;;;;;;
"spotify:track:4bDPr2VAjcfgUDmN9dGOC3,""Why I Love You"",""Watch The Throne"",""JAŸ-Z";Kanye West;"Mr Hudson"",2011-08-08,201453,71,true,,2024-03-24T02:38:21Z,""hip hop,East Coast hip hop,rap"",""Roc Nation/RocAFella/IDJ"",0.48,0.808,5,-4.133,1,0.0423,0.0259,0,0.267,0.37,123.387,4";;;;;;;
"spotify:track:2ddFi6kHdtkFtO5Z8gNILu,""Cigarette"",""Eulogize"",""Shaya Zamora"",2024-01-19,218031,64,false,,2024-03-24T01:38:52Z,""folk cristiano"",""Shaya Zamora"",0.53,0.542,10,-5.353,0,0.0368,0.644,0,0.111,0.353,119.928,4";;;;;;;;;
"spotify:track:4Jv7lweGIUOFQ7Oq2AtAh9,""I Follow Rivers - The Magician Remix"",""I Follow Rivers (The Magician Remix)"",""Lykke Li";"The Magician"",2011-10-10,279635,74,false,,2024-03-24T00:28:28Z,"""",""Atlantic Records"",0.786,0.696,9,-5.796,0,0.0428,0.0234,0.0019,0.0839,0.306,121.974,4";;;;;;;;
"spotify:track:3kG6GPkDkV2RQTm9QdYN9Z,""Desire"",""Sorry"",""MEG MYERS"",2015-09-18,284333,64,true,,2024-03-24T00:19:34Z,"""",""Atlantic Records"",0.617,0.609,7,-5.345,1,0.0274,0.00468,0.0906,0.109,0.173,131.91,4";;;;;;;;;
"spotify:track:5zu4MAEQblGCaTrbXtfpb8,""Hasta la Piel"",""Déjenme Llorar"",""Carla Morrison"",2012-03-27,241626,29,false,,2024-03-12T00:43:31Z,"""",""Cosmica Artists"",0.631,0.372,9,-8.545,0,0.0247,0.623,0,0.0677,0.357,104.956,4";;;;;;;;;
"spotify:track:0OSnalMNoPOjkMOFE7I4C3,""Por Mi Zona"",""Por Mi Zona"",""La Santa Grifa"",2020-03-11,204800,56,false,,2024-03-02T01:31:37Z,""hip hop mexicano,hip hop latino,sierreño triste"",""La Santa Grifa"",0.782,0.573,1,-7.367,1,0.125,0.0806,0,0.103,0.848,82.557,3";;;;;;;;;
"spotify:track:2CRXFBkRh0V7FZL5kuiqdO,""Amnesia"",""Amnesia"",""La Santa Grifa"",2021-06-11,188604,75,true,,2024-03-02T01:17:53Z,""hip hop mexicano,hip hop latino,sierreño triste"",""La Santa Grifa"",0.818,0.638,11,-6.926,0,0.225,0.00673,0,0.495,0.783,112.753,4";;;;;;;;;
"spotify:track:2TzkIzgzIHhewMxyh1u4hh,""Vámonos a Marte"",""Hasta el Fin Del Mundo"",""Kevin Kaarl"",2019-02-28,179094,28,false,,2024-02-28T02:41:35Z,""folk latino,indie mexicano"",""Kevin Kaarl"",0.675,0.159,0,-11.664,1,0.0592,0.985,0.00366,0.172,0.264,69.747,4";;;;;;;;;
"spotify:track:1EmplgI51VcVtLHYOHOfHc,""Mr.Trance"",""Mr.Trance (Soundtrack From The Animated Series)"",""Esteman"",2019,169667,61,false,,2024-02-28T02:37:36Z,""indie latino,alternativa latina,indie mexicano"",""El Recreo Studio"",0.788,0.818,3,-6.241,0,0.05,0.427,0,0.125,0.955,125.972,4";;;;;;;;;
"spotify:track:5hXCTV8OCsNak8OVry7yzM,""Bugambilia"",""Bugambilia"",""Nasa Histoires"",2023-07-21,189640,70,false,,2024-02-28T02:25:11Z,"""",""Nasa Histoires"",0.589,0.783,7,-6.936,0,0.0564,0.416,0.00000195,0.0955,0.576,90.042,4";;;;;;;;;
"spotify:track:7MiZjKawmXTsTNePyTfPyL,""Devil Eyes"",""Providence"",""Hippie Sabotage"",2016-02-05,131271,78,false,,2024-02-20T02:41:59Z,"""",""iHipHop Distribution"",0.391,0.396,1,-8.621,0,0.189,0.702,0.405,0.315,0.199,99.112,5";;;;;;;;;
"spotify:track:1N8TTK1Uoy7UvQNUazfUt5,""SPIT IN MY FACE!"",""SPIT IN MY FACE!"",""ThxSoMch"",2022-12-20,147874,81,true,,2024-02-20T02:38:24Z,"""",""Elektra (NEK)"",0.73,0.785,8,-6.512,1,0.0554,0.0464,0.0216,0.111,0.649,94.094,4";;;;;;;;;
"spotify:track:3K5KXm1uZjiyQk0J7op1xf,""9mm"",""Memphis Cult Vol. 6"",""Memphis Cult";Groove Dealers;"SPLYXER"",2023-02-23,86709,37,true,,2024-02-20T02:36:15Z,""phonk,drift phonk"",""Memphis Cult"",0.737,0.915,0,-2.749,1,0.0412,0.00322,0.0000258,0.084,0.304,154.964,4";;;;;;;
"spotify:track:0UKzG4fJ1LXf6DInew5vcV,""Mercury: Retrograde"",""Hexada"",""Ghostemane"",2017-09-05,124538,70,true,,2024-02-20T02:34:14Z,""trap metal,horrorcore,rap emo,cloud rap,rap metal"",""AMR Songs L.P. 2"",0.826,0.816,2,-7.345,1,0.345,0.0581,0.00938,0.0593,0.43,156.995,4";;;;;;;;;
"spotify:track:7MlDNspYwfqnHxORufupwq,""Sex, Drugs, Etc."",""Pineapple Sunrise"",""Beach Weather"",2023-03-03,196784,84,false,,2024-02-20T02:33:07Z,"""",""8123 / Arista Records"",0.57,0.842,4,-5.085,0,0.0381,0.0136,0.00876,0.524,0.47,143.975,4";;;;;;;;;
"spotify:track:1ujxjsoNvh4XgS2fUNwkZ2,""Space Song"",""Depression Cherry"",""Beach House"",2015-08-28,320466,76,false,,2024-02-20T02:33:03Z,""dream pop"",""Apple Orchard Music"",0.509,0.793,0,-7.107,0,0.0293,0.221,0.127,0.144,0.625,147.065,4";;;;;;;;;
"spotify:track:11iIikXxC6NP0Ma8vMD27x,""Alien Blues"",""Gawk"",""Vundabar"",2015-07-24,155933,79,true,,2024-02-20T02:32:01Z,"""",""Gawk Records under exclusive license to Amuseio AB"",0.467,0.757,3,-5.093,1,0.033,0.0807,0.908,0.0876,0.433,82.282,4";;;;;;;;;
"spotify:track:2K7xn816oNHJZ0aVqdQsha,""Softcore"",""Hard To Imagine The Neighbourhood Ever Changing"",""The Neighbourhood"",2018-11-02,206280,88,false,,2024-02-20T02:31:17Z,"""",""Columbia"",0.575,0.568,9,-5.509,0,0.03,0.0484,0.000417,0.286,0.37,93.986,4";;;;;;;;;
"spotify:track:0b6xZk9f96N77BfmYWnQNC,""Mama's Boy"",""Sunburn"",""Dominic Fike"",2023-07-07,155721,78,false,,2024-02-20T02:31:13Z,"""",""Columbia"",0.807,0.354,9,-7.554,1,0.0321,0.15,0.713,0.186,0.602,78.964,4";;;;;;;;;
"spotify:track:6VObnIkLVruX4UVyxWhlqm,""Skyfall"",""Skyfall"",""Adele"",2012-10-04,286081,87,false,,2024-02-20T02:31:09Z,""pop suave"",""XL Recordings/Columbia"",0.346,0.552,0,-6.864,0,0.0282,0.417,0,0.114,0.0789,75.881,4";;;;;;;;;
"spotify:track:2GWCZJWundoYi5IloWIgTX,""eyes don't lie"",""eyes don't lie"",""Isabel LaRosa"",2023-07-07,150720,76,true,,2024-02-20T02:30:59Z,"""",""Slumbo Labs/RCA Records"",0.555,0.773,8,-9.019,0,0.121,0.0236,0.000941,0.0715,0.255,124.953,4";;;;;;;;;
"spotify:track:4IA6pgGRmqfxWGAfyZ8cgR,""Verbatim"",""Touch Up"",""Mother Mother"",2007-05-08,168320,72,true,,2024-02-20T02:30:51Z,"""",""Last Gang"",0.827,0.58,7,-6.809,1,0.327,0.309,0,0.148,0.491,78.007,4";;;;;;;;;
"spotify:track:3vkCueOmm7xQDoJ17W1Pm3,""My Love Mine All Mine"",""The Land Is Inhospitable and So Are We"",""Mitski"",2023-09-15,137773,87,false,,2024-02-20T02:27:29Z,"""",""Dead Oceans"",0.504,0.308,9,-14.958,1,0.0321,0.868,0.135,0.158,0.121,113.95,4";;;;;;;;;
"spotify:track:0MMyJUC3WNnFS1lit5pTjk,""jealousy, jealousy"",""SOUR"",""Olivia Rodrigo"",2021-05-21,173160,84,false,,2024-02-20T02:23:34Z,"""",""Olivia Rodrigo PS"",0.695,0.575,10,-6.334,0,0.116,0.198,0,0.0614,0.699,163.929,4";;;;;;;;;
"spotify:track:2nC3QhMI9reBIOWutbU3Tj,""Moral of the Story"",""Moral of the Story"",""Ashe"",2019-02-14,201083,15,true,,2024-02-20T02:23:08Z,"""",""Mom+Pop"",0.572,0.406,10,-8.624,1,0.0427,0.587,0.00000448,0.102,0.265,119.812,4";;;;;;;;;
"spotify:track:3NqBxTOMCJ3zW9CIP51td4,""Jugaste y Sufrí"",""Corta Venas"",""Eslabon Armado";"DannyLux"",2020-12-18,275194,77,false,,2024-02-20T02:08:12Z,""corridos tumbados,sierreño triste,corrido,sierreño,música mexicana,corridos bélicos,electrocorridos"",""DEL Records"",0.39,0.499,7,-7.778,1,0.0381,0.632,0.000497,0.115,0.34,200.156,1";;;;;;;;
"spotify:track:3M0lSi5WW79CXQamgSBIjx,""Swim"",""Chase Atlantic"",""Chase Atlantic"",2017-10-04,228786,86,true,,2024-02-20T02:07:32Z,"""",""Warner Records"",0.666,0.542,8,-6.429,1,0.0392,0.27,0,0.0765,0.0771,120.134,4";;;;;;;;;
"spotify:track:1W7zkKgRv9mrLbfdQ8XyH3,""Gangsta"",""Suicide Squad: The Album"",""Kehlani"",2016-08-05,177028,77,true,,2024-02-20T02:07:14Z,"""",""Atlantic Records"",0.439,0.447,10,-8.318,0,0.0436,0.111,0,0.303,0.11,121.48,4";;;;;;;;;
"spotify:track:5773KSWFzg9kCc8yazjbSt,""Deceptacon"",""Le Tigre"",""Le Tigre"",1999-10-26,184626,81,true,,2024-02-20T02:02:12Z,""riot grrrl,queercore,electroclash"",""Mr. Lady Records, Le Tigre Records"",0.603,0.864,4,-3.341,0,0.0668,0.055,0.00493,0.0986,0.616,160.488,4";;;;;;;;;
"spotify:track:2kfGoV9a5dbSKCNmUWH2ZF,""Turning Page"",""Turning Page"",""Sleeping At Last"",2012-06-18,255893,72,false,,2024-02-19T01:48:38Z,"""",""Sleeping At Last"",0.307,0.371,3,-8.498,1,0.0288,0.923,0.0253,0.11,0.189,115.241,3";;;;;;;;;
"spotify:track:4Xy8Puv18tPae91K8rxZt1,""Виртуальная любовь"",""Виртуальная любовь"",""Tanin Jazz"",2011-01-09,134000,67,false,,2024-02-19T01:40:09Z,"""",""Tanin Jazz"",0.858,0.666,0,-6.688,0,0.0348,0.641,0.000152,0.23,0.964,120.015,4";;;;;;;;;
"spotify:track:1UL2Sn9KX8StSDOp8ZEAOC,""Mi Kryptonita"",""Talento de Vida"",""Doble ONE Flow Letal"",2023-10-11,188089,76,false,,2024-02-19T01:21:41Z,""hip hop mexicano"",""CUELLO BLANCO"",0.782,0.596,8,-11.917,0,0.142,0.806,0.0305,0.109,0.854,88.986,4";;;;;;;;;
"spotify:track:1SKPmfSYaPsETbRHaiA18G,""Somewhere Only We Know"",""Hopes And Fears"",""Keane"",2004-05-10,237146,88,false,,2024-02-19T01:01:10Z,"""",""Universal-Island Records Ltd."",0.448,0.665,9,-4.203,1,0.026,0.06,0.0000255,0.0828,0.304,172.004,4";;;;;;;;;
"spotify:track:3lPr8ghNDBLc2uZovNyLs9,""Supermassive Black Hole"",""Black Holes and Revelations"",""Muse"",2006-06-28,212439,85,false,,2024-02-19T01:00:51Z,""rock alternativo,rock"",""Warner Records"",0.668,0.921,7,-3.727,1,0.0439,0.0492,0.00517,0.0877,0.782,120,4";;;;;;;;;
"spotify:track:3FAclTFfvUuQYnEsptbK8w,""Back To Black"",""Back To Black (Deluxe Edition)"",""Amy Winehouse"",2006,241293,79,true,,2024-02-19T01:00:42Z,"""",""Universal-Island Records Ltd."",0.434,0.422,7,-13.964,0,0.0375,0.134,0.0000205,0.0861,0.377,123.201,4";;;;;;;;;
"spotify:track:1xsYj84j7hUDDnTTerGWlH,""Dream On"",""Aerosmith"",""Aerosmith"",1973-01-05,267596,64,false,,2024-02-19T01:00:04Z,""rock clásico,rock"",""Aerosmith P&D - Sony"",0.392,0.476,1,-7.583,1,0.0249,0.397,0.000163,0.309,0.234,78.031,4";;;;;;;;;
"spotify:track:5YciOakY5dB5dULkiLdCaf,""Stop Crying Your Heart Out"",""Heathen Chemistry"",""Oasis"",2002-02-03,303133,77,false,,2024-02-19T00:54:11Z,""britpop,madchester"",""Big Brother"",0.38,0.572,2,-5.334,1,0.03,0.0768,0.0000024,0.0776,0.0878,74.987,4";;;;;;;;;
"spotify:track:4W37fDymJzsqaarlKKEvcM,""Once Upon a December"",""Anastasia (Original Broadway Cast Recording)"",""Christy Altomare"",2017-06-09,179840,67,false,,2024-01-18T23:16:24Z,""musicales"",""Broadway Records"",0.222,0.287,11,-12.45,0,0.0361,0.917,0.000019,0.0889,0.074,90.422,4";;;;;;;;;
"spotify:track:20nGaeXt8tv7iAQvLVa7gJ,""Elogia Cinerosa"",""Genshin Impact - The Shimmering Voyage, Vol. 2 (Original Game Soundtrack)"",""HOYO-MiX"",2022-08-15,257557,46,false,,2024-01-18T01:25:13Z,""banda sonora"",""miHoYo"",0.235,0.166,5,-18.202,0,0.0384,0.917,0.924,0.218,0.0373,115.842,4";;;;;;;;;
"spotify:track:0KOCCyZ2P4rBaPBtnS09i9,""Lovers' Oath"",""Genshin Impact - The Shimmering Voyage (Original Game Soundtrack)"",""Yu-Peng Chen";"HOYO-MiX"",2021-07-19,79610,53,false,,2024-01-18T01:20:21Z,""banda sonora"",""miHoYo"",0.348,0.174,11,-17.901,1,0.0358,0.753,0.857,0.253,0.0692,71.579,4";;;;;;;;
"spotify:track:7gEpP0zIY3lVwTl7I5GZmH,""Fontaine"",""Genshin Impact - Fountain of Belleau (Original Game Soundtrack)"",""HOYO-MiX"",2023-10-02,273360,50,false,,2024-01-18T01:18:14Z,""banda sonora"",""miHoYo"",0.175,0.249,4,-14.043,0,0.0375,0.917,0.933,0.0773,0.118,180.186,3";;;;;;;;;
"spotify:track:3tMQKPLplBCDdOgdsZn0SZ,""Vanessa's Trick"",""The Little Mermaid (Original Motion Picture Soundtrack)"",""Alan Menken"",2023-05-19,63586,49,false,,2024-01-18T01:10:45Z,"""",""Walt Disney Records"",0.225,0.275,3,-11.988,0,0.0424,0.683,0.000175,0.159,0.0405,119.257,3";;;;;;;;;
"spotify:track:2lB8swV3T9yiXyU6OnZ3tY,""La petite fille de la mer - Remastered"",""Vangelis: Delectus (Remastered)"",""Vangelis"",2016-08-26,354906,64,false,,2024-01-18T01:10:39Z,""new age"",""UMC (Universal Music Catalogue)"",0.208,0.153,6,-19.343,0,0.033,0.947,0.778,0.1,0.0385,89.653,3";;;;;;;;;
"spotify:track:4ghyaiC9bt4RdfNQavZlGZ,""By The Castle"",""Forlorn Hope"",""Joshua Kyan Aalampour"",2023-09-08,79405,0,false,,2024-01-17T03:01:24Z,""música clásica"",""Joshua Kyan Aalampour"",0.326,0.151,4,-16.493,0,0.0371,0.977,0.857,0.171,0.384,70.439,4";;;;;;;;;
"spotify:track:781UPsxt3CbdxYmIcufFDM,""Artemis"",""The Gods We Can Touch"",""AURORA"",2022-01-21,158506,45,false,,2024-01-17T02:57:47Z,""pop noruego,art pop"",""Decca (UMO)"",0.475,0.305,8,-10.165,1,0.0374,0.473,0.00012,0.105,0.137,122.089,4";;;;;;;;;
"spotify:track:4btbQKrGJlLHvBq7R87A2b,""The Black Waltz"",""Library Songs 1"",""Scott Buckley"",2019-05-21,176522,18,false,,2024-01-17T02:53:29Z,"""",""705111 Records DK2"",0.366,0.398,5,-12.542,0,0.038,0.295,0.719,0.0549,0.316,130.045,3";;;;;;;;;
"spotify:track:5W7NJWEW3mPzlePNrrn4Xb,""The Second Waltz, Op. 99a"",""Strauss & Co"",""Dmitri Shostakovich";André Rieu;"Johann Strauss Orchestra"",1994-01-01,220360,1,false,,2024-01-17T02:51:35Z,""música clásica,música de cámara,música orquestal"",""Polydor"",0.236,0.208,0,-14.993,0,0.0339,0.924,0.947,0.116,0.462,187.164,3";;;;;;;
"spotify:track:51fuLpPnBX5pzizp3PkODO,""IN MY MOUTH"",""WASTEISOLATION"",""Black Dresses"",2018-04-13,183493,65,true,,2024-01-07T16:47:07Z,"""",""Blacksquares Media"",0.637,0.927,10,-3.448,0,0.203,0.00199,0.0000552,0.956,0.126,115.076,4";;;;;;;;;
"spotify:track:0I1eFRytp4XRhLCjT6tZm7,""I Can't Handle Change"",""I Can't Handle Change"",""Roar"",2010-03-14,198213,2,false,,2023-12-31T14:20:58Z,"""",""Felt Forest Records"",0.247,0.438,5,-8.478,1,0.0358,0.0447,0.000867,0.111,0.39,185.711,3";;;;;;;;;
"spotify:track:2vWBUC9djv6BtiGlmKiQaH,""YKWIM?"",""Bipolar"",""Yot Club"",2019-05-31,212750,79,false,,2023-12-31T14:18:59Z,""bedroom pop"",""Yot Club under exclusive license to Amuseio AB"",0.372,0.537,9,-7.623,1,0.0305,0.937,0.873,0.287,0.228,123.735,3";;;;;;;;;
"spotify:track:6LvVwsrATzC2DVq5QkRUfV,""Nice Guy"",""Daddy"",""GRLwood"",2018-06-15,93098,0,true,,2023-12-31T14:18:42Z,""riot grrrl,queercore"",""sonaBLAST! Records"",0.361,0.983,1,-3.139,0,0.157,0.00935,0.017,0.0963,0.203,126.745,4";;;;;;;;;
"spotify:track:4keclC0eBhQm8lFtYmX01K,""4ÆM"",""Miss Anthropocene (Deluxe Edition)"",""Grimes"",2020-02-21,270982,62,false,,2023-12-31T14:18:30Z,""art pop"",""4AD"",0.482,0.905,7,-4.371,0,0.0418,0.00971,0.29,0.288,0.116,93.017,4";;;;;;;;;
"spotify:track:2enPRFda84VE2wtI8c86Uf,""Always Forever"",""Static"",""Cults"",2013-10-15,223750,79,false,,2023-12-31T14:17:17Z,"""",""Columbia"",0.174,0.742,8,-5.93,1,0.0485,0.00181,0.281,0.198,0.36,163.378,4";;;;;;;;;
"spotify:track:1xzsEmaU4IXjvxxwQlA8Lz,""Crimewave"",""Crystal Castles"",""Crystal Castles"",2008-03-18,258453,75,false,,2023-12-31T14:17:08Z,""witch house,electroclash,new rave,dance alternativo"",""Last Gang"",0.747,0.691,4,-7.533,0,0.0402,0.183,0.0259,0.205,0.887,119.982,4";;;;;;;;;
"spotify:track:4bQ7mjty0UVlKRalhizpGT,""Vanished"",""Crystal Castles"",""Crystal Castles"",2008-03-18,242960,80,false,,2023-12-31T14:16:41Z,""witch house,electroclash,new rave,dance alternativo"",""Last Gang"",0.713,0.868,0,-6.644,0,0.0305,0.00206,0.0000926,0.225,0.641,119.98,4";;;;;;;;;
"spotify:track:0j3mqDTK4Z6lvrLzFCUUz6,""Good Looking"",""Good Looking"",""Suki Waterhouse"",2022-08-18,214800,13,false,,2023-12-31T14:16:35Z,"""",""Sub Pop Records"",0.365,0.554,4,-9.076,1,0.03,0.079,0.000358,0.125,0.259,150.11,3";;;;;;;;;
"spotify:track:2R3heksil8zmzSFUwYQIPC,""Empathy"",""Crystal Castles (II)"",""Crystal Castles"",2010-01-01,251106,68,false,,2023-12-31T14:16:14Z,""witch house,electroclash,new rave,dance alternativo"",""[PIAS] Recordings Catalogue"",0.511,0.903,7,-5.523,0,0.0306,0.12,0.515,0.431,0.332,109.958,4";;;;;;;;;
"spotify:track:3d8zIv577en5PxwwAzadN2,""Untrust Us"",""Crystal Castles"",""Crystal Castles"",2008-03-18,186373,72,false,,2023-12-31T14:15:51Z,""witch house,electroclash,new rave,dance alternativo"",""Last Gang"",0.609,0.807,11,-5.405,0,0.0283,0.0376,0.201,0.13,0.203,125.91,4";;;;;;;;;
"spotify:track:7dT9D6117e5DbhnKxDLNW9,""Colapso"",""Hasta el Fin Del Mundo"",""Kevin Kaarl"",2019-02-28,235470,29,false,,2023-11-04T01:52:58Z,""folk latino,indie mexicano"",""Kevin Kaarl"",0.548,0.216,7,-17.234,1,0.0389,0.923,0.297,0.113,0.149,149.979,4";;;;;;;;;
"spotify:track:75UMtPC77vqKRwfSuYuNPO,""San Lucas"",""San Lucas"",""Kevin Kaarl"",2019-11-07,247196,31,false,,2023-11-04T01:48:13Z,""folk latino,indie mexicano"",""Kevin Kaarl"",0.577,0.363,7,-12.378,1,0.0263,0.86,0.000282,0.0868,0.265,91.511,4";;;;;;;;;
"spotify:track:4QbTTCEFwxftr7mY7iSLfM,""GMFU - Sped Up"",""GMFU (GOT ME FUCKED UP)"",""ODECORE";Sassy Scene;Odetari;"6arelyhuman"",2023-07-31,103000,49,true,,2023-09-13T17:23:01Z,""hyperpop"",""APG Inc. - Odetari"",0.636,0.903,2,-3.202,1,0.0395,0.000453,0.76,0.148,0.558,151.322,4";;;;;;
"spotify:track:3cU2Vym5vKXkSuqIo9fP5F,""Hier Encore (Original Intro Loop) - Radio Edit"",""Hier Encore (Original Intro Loop) [Radio Edit]"",""G.O.A.T"",2023-04-14,239257,0,false,,2023-09-13T17:05:43Z,"""",""5206196 Records DK"",0.188,0.398,0,-14.088,0,0.0325,0.485,0.891,0.35,0.339,135.568,4";;;;;;;;;
"spotify:track:6mGZsVXyJfDRezDyzzKFcF,""Who will know (24_bigslow)"",""シン・ゴジラ劇伴音楽集"",""Shiro SAGISU";"Akira Ifukube"",2017-03-22,189560,24,false,,2023-09-13T17:00:02Z,""anime,banda sonora,clásica japonesa"",""KING RECORDS"",0.187,0.384,9,-8.261,0,0.034,0.917,0.6,0.292,0.0554,114.756,3";;;;;;;;
"spotify:track:424DkevE18QJazwlljiTD4,""Le Monde - From Talk to Me"",""Talk to Me (Original Soundtrack)"",""Richard Carter"",2023-08-04,134853,62,false,,2023-09-13T16:37:19Z,"""",""A24 Music"",0.768,0.469,11,-13.277,1,0.0985,0.135,0.863,0.112,0.5,97.65,3";;;;;;;;;
"spotify:track:5XtsfMFmpM401S6dbVaOQw,""The Lost Soul Down - Slowed & Reverb"",""The Lost Soul Down (Slowed & Reverb)"",""NBSPLV"",2023-05-12,241111,72,false,,2023-08-31T17:28:56Z,"""",""NBSPLV"",0.725,0.519,0,-10.367,1,0.0356,0.03,0.918,0.0876,0.351,90.041,4";;;;;;;;;
"spotify:track:15uq77MdhAjrnBuumngIsz,""Suffocation - Slowed"",""Suffocation (Slowed)"",""noturgf"",2023-03-27,64842,1,false,,2023-08-03T17:01:50Z,"""",""noturgf"",0.564,0.662,10,-6.085,0,0.0318,0.0044,0.145,0.279,0.511,102.678,4";;;;;;;;;
"spotify:track:2Kh1bNimYKyUI5KQsVTQuE,""1mmortal"",""1mmortal"",""Cash!*"",2023-01-13,116014,51,false,,2023-08-01T03:35:15Z,"""",""EMG"",0.49,0.49,1,-11.054,1,0.037,0.00184,0.849,0.289,0.126,119.882,4";;;;;;;;;
"spotify:track:0L7MpEwFgZRP5rFdXOYaRT,""Labyrinth"",""Hawaii: Part II"",""Miracle Musical";Shane MauX;"KAYE"",2012-12-12,152745,72,false,,2023-08-01T03:32:04Z,"""",""ミラクルミュージカル"",0.496,0.803,1,-6.234,1,0.0497,0.0214,0.000725,0.328,0.317,126.877,5";;;;;;;
"spotify:track:4pV6Kx1T9L49PBFwH1g8ca,""Aces"",""Aces"",""dkj"",2022-11-25,122250,60,false,,2023-08-01T03:07:51Z,"""",""Atlantic Records"",0.602,0.537,10,-11.389,0,0.0332,0.00118,0.947,0.289,0.428,139.94,4";;;;;;;;;
"spotify:track:5dPy1CCYQ04xaQHpajf5CY,""The Lost Soul Down"",""The Lost Soul Down"",""NBSPLV"",2015-12-09,192940,70,false,,2023-08-01T02:52:44Z,"""",""NBSPLV"",0.715,0.741,8,-7.478,1,0.0356,0.0117,0.899,0.189,0.761,112,4";;;;;;;;;
"spotify:track:4I0BQIiRi0euf3F9Tgqdki,""Beat das Trevas"",""Beat das Trevas"",""DJ MENOR DA ZN";"MC MTOODIO"",2023-01-07,104076,0,false,,2023-08-01T02:50:48Z,""phonk,phonk brasileño"",""Mago da DZ7 Music"",0.723,0.71,7,-7.778,1,0.0489,0.445,0.038,0.24,0.673,129.858,4";;;;;;;;
"spotify:track:3VvcKToPY3diGRjERt8NvD,""Sea Of Problems"",""Sea Of Problems"",""glichery"",2023-03-11,110624,65,true,,2023-08-01T02:45:05Z,""phonk,drift phonk,phonk brasileño"",""glichery"",0.743,0.684,7,-10.807,0,0.033,0.00335,0.945,0.0989,0.867,127.996,4";;;;;;;;;
"spotify:track:3hfvzrj13TtfKq8P3WG2Q1,""CRYSTALS (Slowed)"",""CRYSTALS (Remixes)"",""PR1SVX"",2023-03-18,75833,0,false,,2023-08-01T02:44:56Z,""jersey club"",""The System"",0.521,0.605,7,-13.64,1,0.0467,0.0374,0.785,0.31,0.409,141.298,4";;;;;;;;;
"spotify:track:6njJR3OIp3oA0Kc4aC9Tzf,""MONTAGEM - PR FUNK"",""MONTAGEM - PR FUNK"",""S3BZS";Mc Gw;"Mc Menor Do Alvorada"",2023-05-01,61634,68,false,,2023-08-01T02:43:47Z,""phonk,phonk brasileño,funk brasileño,funk carioca,funk bruxaria,funk brega"",""S3BZS"",0.877,0.803,9,-3.195,1,0.0507,0.734,0.056,0.087,0.795,130.028,4";;;;;;;
"spotify:track:56YnSY2VyWLJPijfrzK6Gc,""die (sped up)"",""die"",""lucidbeatz";"Key Kelly"",2023-03-03,90937,57,false,,2023-08-01T02:37:41Z,"""",""Next Chapter Music"",0.36,0.759,4,-10.073,1,0.0362,0.00549,0.796,0.0853,0.495,149.041,4";;;;;;;;
"spotify:track:0mRaXMf9wwtkcW62t7zPm7,""SMOKE IT OFF!"",""SMOKE IT OFF!"",""Lumi Athena";"jnhygs"",2023-04-30,117528,0,true,,2023-08-01T02:35:49Z,""hyperpop,jersey club"",""25/7 Records LLC."",0.429,0.822,8,-7.071,1,0.0455,0.00318,0.00000758,0.559,0.29,148.3,4";;;;;;;;
"spotify:track:7hR6bRFeirCpk1mdd18Z6N,""See You Again - okay okay, la la la part loop"",""See You Again (okay okay, la la la part loop)"",""ImXgine";"ONIBI"",2023-05-23,62002,54,false,,2023-08-01T02:34:44Z,"""",""ImXgine Records"",0.317,0.344,8,-20.797,1,0.0594,0.193,0.126,0.376,0.809,82.62,4";;;;;;;;
"spotify:track:5bYFgV2KMMC6IVQ2gUyMGg,""CRYSTALS"",""CRYSTALS"",""PR1SVX"",2023-03-18,68250,0,false,,2023-08-01T02:33:42Z,""jersey club"",""The System"",0.477,0.666,6,-12.92,0,0.0366,0.0178,0.825,0.197,0.58,157.032,4";;;;;;;;;
"spotify:track:0V5cvmTKsYmF5FmGGEAfmS,""Je te laisserai des mots"",""Je te laisserai des mots"",""Patrick Watson"",2010-09-10,160853,6,false,,2023-08-01T02:26:46Z,"""",""Secret City Records"",0.303,0.187,2,-16.757,1,0.0356,0.989,0.499,0.102,0.212,132.679,4";;;;;;;;;
"spotify:track:0WFryfbNKPXVtVQlz5dZ8H,""hotline (edit)"",""hotline (edit)"",""Billie Eilish"",2023-05-09,60719,74,false,,2023-08-01T02:26:08Z,"""",""Darkroom/Interscope Records"",0.516,0.254,9,-16.027,0,0.0589,0.816,0.855,0.189,0.304,56.829,4";;;;;;;;;
"spotify:track:1lb3H41lbvAN28N7yqRNL9,""Idea 10"",""Idea 10"",""Gibran Alcocer"",2022-07-09,128000,76,false,,2023-08-01T02:22:39Z,"""",""Gibran Alcocer / Kurate Music"",0.339,0.242,7,-20.446,0,0.0383,0.978,0.871,0.104,0.711,87.053,3";;;;;;;;;
"spotify:track:4OWa2dOlmtvMDhFrFL0QA1,""La leçon particulière - Bande originale du film """"La leçon particulière"""""",""Mayerling"",""Francis Lai";"Christian Gaubert"",2003-01-01,105560,65,false,,2023-08-01T02:16:58Z,"""",""Universal Music Division Decca Records France"",0.185,0.469,2,-7.729,0,0.0314,0.00652,0.909,0.201,0.422,150.319,3";;;;;;;;
"spotify:track:53GegjivGBFf85bMmBEE9q,""Aleph - Sped Up"",""Aleph (Sped Up)"",""fam0uz"",2023-05-28,72840,0,false,,2023-08-01T02:11:41Z,""phonk"",""fam0uz"",0.475,0.771,10,-4.897,1,0.0512,0.00113,0.875,0.0739,0.713,181.128,4";;;;;;;;;
"spotify:track:3wk3y0Bb02izA8M2dCRIws,""Goth - Sped Up"",""Goth (Sped Up)"",""you lost"",2023-06-16,93654,0,false,,2023-08-01T02:06:02Z,"""",""you lost"",0.609,0.853,5,-4.893,1,0.24,0.000153,0.887,0.759,0.709,144.663,4";;;;;;;;;
"spotify:track:0uMZbmAAgOhdMrv25iPEH6,""Goth"",""White Light"",""Sidewalks and Skeletons"",2015-03-05,207120,77,false,,2023-08-01T02:05:56Z,""witch house,darkwave"",""Sidewalks and Skeletons"",0.558,0.697,1,-9.171,1,0.0325,0.00339,0.585,0.1,0.172,115.024,4";;;;;;;;;
"spotify:track:6RpuNjTsUQo7eByN3kWvYx,""Untrust Us"",""Crystal Castles"",""Crystal Castles"",2008-03-18,186373,0,false,,2023-06-16T02:21:32Z,""witch house,electroclash,new rave,dance alternativo"",""Last Gang"",0.609,0.807,11,-5.405,0,0.0283,0.0376,0.204,0.13,0.203,125.906,4";;;;;;;;;
"spotify:track:6slWUMiyoNNWcQGu6tkTlH,""Leni (Crystal Castles vs GoodBooks)"",""Control Freaks (The Remixes)"",""GoodBooks";"Crystal Castles"",2021-11-18,256398,70,false,,2023-06-16T02:19:39Z,""witch house,electroclash,new rave,dance alternativo"",""GoodBooks"",0.642,0.641,6,-6.619,0,0.0312,0.0627,0.00289,0.0627,0.55,119.938,4";;;;;;;;
"spotify:track:3TjliM0xQ3fkza0RpINRrq,""Crimewave"",""Crystal Castles"",""Crystal Castles"",2008-03-18,258453,0,false,,2023-06-16T02:19:24Z,""witch house,electroclash,new rave,dance alternativo"",""Last Gang"",0.746,0.691,4,-7.533,0,0.0403,0.184,0.0259,0.205,0.888,119.982,4";;;;;;;;;
"spotify:track:0Q2YGyMeeZMAvzebtxoQ5f,""Vanished"",""Crystal Castles"",""Crystal Castles"",2008-03-18,242960,1,false,,2023-06-16T02:08:32Z,""witch house,electroclash,new rave,dance alternativo"",""Last Gang"",0.713,0.868,0,-6.644,0,0.0305,0.00206,0.0000923,0.225,0.641,119.98,4";;;;;;;;;
"spotify:track:3pbN3SGJott0Rgb5aE5kqc,""Transgender"",""(III)"",""Crystal Castles"",2012-01-01,184764,66,false,,2023-06-16T02:06:26Z,""witch house,electroclash,new rave,dance alternativo"",""[PIAS] Recordings Catalogue"",0.519,0.913,7,-8.66,1,0.038,0.000176,0.813,0.248,0.0358,137.96,3";;;;;;;;;
"spotify:track:2K70ZV0Ls65Kkj0WUEfHlz,""Kerosene"",""(III)"",""Crystal Castles"",2012-01-01,192000,71,false,,2023-06-04T03:22:15Z,""witch house,electroclash,new rave,dance alternativo"",""[PIAS] Recordings Catalogue"",0.52,0.532,8,-9.752,1,0.0822,0.0869,0,0.135,0.0793,118.004,4";;;;;;;;;
"spotify:track:12tLo4zslkJEgl8xXlawbI,""Rex Incognito"",""Genshin Impact - The Stellar Moments (Original Game Soundtrack)"",""Yu-Peng Chen";"HOYO-MiX"",2021-02-04,108827,47,false,,2023-04-28T02:43:00Z,""banda sonora"",""miHoYo"",0.546,0.565,5,-9.322,0,0.0329,0.0116,0.00321,0.0886,0.117,145.066,4";;;;;;;;
"spotify:track:6ypf34NOAISLFW886KBejz,""Polumnia Omnia"",""Genshin Impact - The Unfathomable Sand Dunes (Original Game Soundtrack)"",""HOYO-MiX"",2023-04-19,200515,51,false,,2023-04-28T02:38:22Z,""banda sonora"",""miHoYo"",0.452,0.79,2,-8.546,1,0.0586,0.0739,0.0451,0.317,0.157,159.803,4";;;;;;;;;
"spotify:track:4pTkDIlpFNoeWbahu8pVXW,""Shootout"",""Shootout"",""Izzamuzzic";"Julien Marchal"",2022-06-30,295308,66,false,,2023-04-05T05:04:12Z,"""",""Izzamuzzic / Kurate Music"",0.663,0.578,2,-9.079,1,0.0687,0.312,0.906,0.109,0.553,86.986,4";;;;;;;;
"spotify:track:3Z0qLOS0cqWKPHXkbTXmNF,""Gilded Lily"",""Offering"",""Cults"",2022-10-26,212736,76,false,,2023-03-26T03:11:53Z,"""",""Sinderlyn/Columbia"",0.4,0.571,11,-6.534,0,0.0288,0.468,0.0000305,0.519,0.146,61.859,4";;;;;;;;;
"spotify:track:0yqAz6HBzwlJ2nGjK4UiX0,""Shut Up and Listen"",""Shut Up and Listen"",""Nicholas Bonnin";"Angelicca"",2021-05-28,243000,0,true,,2023-02-03T03:10:09Z,""dark r&b"",""Independent"",0.273,0.31,9,-12.295,0,0.0359,0.0162,0.0000334,0.123,0.0376,90.758,4";;;;;;;;
"spotify:track:4LOE0UFjSTclNqRVvcdPDQ,""JARGECE307"",""JARGECE307"",""akucum";"hinode"",2022-09-07,176248,0,false,,2023-02-03T03:06:31Z,"""",""9ix Music"",0.549,0.704,10,-7.991,0,0.0523,0.0622,0.193,0.143,0.395,90.001,4";;;;;;;;
"spotify:track:0o9zmvc5f3EFApU52PPIyW,""Shinunoga E-Wa"",""HELP EVER HURT NEVER"",""Fujii Kaze"",2020-05-20,185573,78,false,,2023-02-03T03:05:24Z,""j-pop"",""Universal Music LLC"",0.6,0.76,6,-6.124,0,0.0452,0.166,0.0000409,0.189,0.519,158.078,4";;;;;;;;;
"spotify:track:6oBmJ8fwqbH51pk3GKmeXF,""YOU'RE TOO SLOW!"",""YOU'RE TOO SLOW!"",""squirl beats"",2022-06-04,78758,0,false,,2023-02-03T03:02:52Z,"""",""The System"",0.415,0.707,1,-5.426,1,0.0399,0.000993,0.426,0.418,0.273,170.625,4";;;;;;;;;
"spotify:track:4wFeMmJDlgkAxlQ07PbdGZ,""Sour Switchblade"",""Sour Switchblade"",""Elita"",2021-09-02,148955,0,true,,2023-02-03T03:02:28Z,"""",""Opposition"",0.533,0.865,11,-5.168,1,0.03,0.0405,0.927,0.106,0.86,109.987,4";;;;;;;;;
"spotify:track:49mZ0yoNHMpa9jNPxrQRCX,""New Magic FNAF"",""New Magic FNAF"",""stxr29"",2022-12-31,68933,0,true,,2023-02-03T03:02:17Z,"""",""stxr29"",0.388,0.603,7,-9.495,0,0.11,0.0169,0.123,0.795,0.598,133.038,3";;;;;;;;;
"spotify:track:3NDgRxQsoaJYJZjdUdqLXl,""SPINBACK"",""SPINBACK"",""Eibell"",2022-10-21,82384,0,false,,2023-02-03T03:01:49Z,"""",""Eibell"",0.684,0.487,11,-10.323,1,0.18,0.607,0.000264,0.536,0.235,129.951,4";;;;;;;;;
"spotify:track:3RKjTYlQrtLXCq5ncswBPp,""Hey, Mickey!"",""Hey, Mickey!"",""Baby Tate"",2016-09-27,115555,66,false,,2023-02-03T03:01:19Z,"""",""Yung Baby Tate"",0.912,0.507,2,-11.952,1,0.0587,0.579,0,0.167,0.725,134.978,4";;;;;;;;;
"spotify:track:2GYHyAoLWpkxLVa4oYTVko,""Alors on danse - Radio Edit"",""Cheese"",""Stromae"",2010-01-01,206066,83,false,,2023-02-03T03:00:43Z,""pop francés"",""Universal Music Distributed Labels"",0.79,0.593,1,-9.204,0,0.0776,0.0983,0.00202,0.065,0.72,119.958,4";;;;;;;;;
"spotify:track:37dYAkMa4lzRCH6kDbMT1L,""We No Speak Americano (Edit)"",""We No Speak Americano"",""Yolanda Be Cool";"DCup"",2020-12-04,157438,66,false,,2023-02-03T02:52:54Z,"""",""Sweat It Out"",0.902,0.805,6,-5.003,1,0.0468,0.0748,0.0823,0.0914,0.745,124.985,4";;;;;;;;
"spotify:track:72iyEnh9p6PoyJoEnAJDjO,""DEMONS IN MY SOUL"",""DEMONS IN MY SOUL"",""SCXR SOUL";"Sx1nxwy"",2022-09-23,117637,64,true,,2023-02-03T02:50:59Z,""phonk,drift phonk"",""SCXR SOUL"",0.765,0.428,2,-2.789,1,0.0492,0.0249,0.92,0.297,0.422,100.006,4";;;;;;;;
"spotify:track:2ksyzVfU0WJoBpu8otr4pz,""METAMORPHOSIS"",""METAMORPHOSIS"",""INTERWORLD"",2021-11-25,142839,77,true,,2023-02-03T01:13:56Z,""phonk,drift phonk,phonk brasileño"",""INTERWORLD"",0.593,0.641,7,-12.727,0,0.0992,0.426,0.901,0.122,0.147,175.014,4";;;;;;;;;
"spotify:track:0PGAJ37n4O2AslZosr1YGx,""Disaster"",""Disaster"",""KSLV Noh"",2021-06-21,84138,2,false,,2023-02-03T01:09:08Z,""phonk,drift phonk"",""3066940 Records DK"",0.825,0.615,0,-6.043,1,0.0946,0.0171,0.37,0.159,0.492,117.049,4";;;;;;;;;
"spotify:track:0G17UriYHMjXnZE2OJJSMR,""SUNRISE (Slowed + Reverb)"",""SUNRISE (Slowed + Reverb)"",""Xantesha"",2022-06-10,138857,60,false,,2023-02-03T01:01:49Z,""phonk,drift phonk,phonk brasileño"",""Xantesha"",0.74,0.934,10,-8.178,1,0.0384,0.063,0.831,0.198,0.261,119.693,4";;;;;;;;;
"spotify:track:37F7E7BKEw2E4O2L7u0IEp,""Limbo"",""Freddie's Inferno"",""Freddie Dredd"",2022-08-11,169948,69,true,,2023-02-03T00:58:42Z,""phonk"",""Doomshop Records/RCA Records"",0.802,0.623,11,-5.862,0,0.459,0.0292,0.055,0.113,0.457,74.987,4";;;;;;;;;
"spotify:track:7KmbiagSkUbepU88x7NWjb,""Scopin"",""Scopin"",""Kordhell"",2022-04-08,101632,61,true,,2023-02-03T00:56:41Z,""phonk,drift phonk"",""Kordhell"",0.809,0.972,8,-1.653,1,0.0616,0.065,0.12,0.0311,0.641,98.013,4";;;;;;;;;
"spotify:track:6jdwbcH788txYS6Doy1F1j,""Step Back!"",""Step Back!"",""1nonly";"SXMPRA"",2022-09-02,150674,69,true,,2023-02-03T00:53:43Z,""phonk,drift phonk,trap metal"",""NSF Productions LLC"",0.783,0.89,1,-5.995,1,0.2,0.185,0.00417,0.0969,0.437,127.996,4";;;;;;;;
"spotify:track:0cGG2EouYCEEC3xfa0tDFV,""Tainted Love"",""Non-Stop Erotic Cabaret"",""Soft Cell"",1981,153800,77,false,,2022-12-13T16:27:23Z,""synthpop,new wave"",""EMI"",0.5,0.501,0,-8.284,0,0.0376,0.462,0,0.26,0.623,144.438,4";;;;;;;;;
"spotify:track:3lKN03PDeBnXZS7sDukRBt,""Money, Money, Money"",""Arrival"",""ABBA"",1976,186426,72,false,,2022-12-13T16:24:15Z,"""",""Polar Music International AB"",0.787,0.704,9,-6.873,0,0.0385,0.535,0.00305,0.089,0.646,120.701,4";;;;;;;;;
"spotify:track:1jDJFeK9x3OZboIAHsY9k2,""I'm Still Standing"",""Too Low For Zero"",""Elton John"",1983-05-30,183440,87,false,,2022-12-13T16:12:04Z,"""",""EMI"",0.505,0.904,6,-6.863,1,0.179,0.355,0.118,0.14,0.773,176.811,4";;;;;;;;;
"spotify:track:1AM8QdDFZMq6SrrqUnuQ9P,""Feeling Good"",""It's Time"",""Michael Bublé"",2005-02-08,237333,74,false,,2022-12-13T16:04:42Z,""navidad"",""143/Reprise"",0.535,0.548,1,-6.51,1,0.037,0.533,0.00000148,0.123,0.477,115.144,3";;;;;;;;;
"spotify:track:6b37xrsNCWYIUphFBazqD6,""Me Gustas Tu"",""Próxima Estación: Esperanza"",""Manu Chao"",2001-06-01,239986,83,false,,2022-12-13T15:59:22Z,""alternativa latina"",""Radio Bemba"",0.657,0.741,11,-6.822,0,0.0825,0.663,0.494,0.222,0.908,175.949,4";;;;;;;;;
"spotify:track:4UDmDIqJIbrW0hMBQMFOsM,""Stayin' Alive"",""Staying Alive (Original Motion Picture Soundtrack)"",""Bee Gees"",1977-12-13,92866,75,false,,2022-12-13T15:57:50Z,""disco"",""Bee Gees Catalog"",0.707,0.535,10,-19.793,0,0.0436,0.113,0.00615,0.0884,0.641,103.644,4";;;;;;;;;
"spotify:track:2HoqbEOXgbDSLZ5XCePEXt,""Hit the Road Jack"",""Soul"",""Ray Charles"",2021-06-04,119880,72,false,,2022-12-13T15:48:42Z,""soul,soul blues,blues,soul clásico,vocal jazz"",""Tangerine Records"",0.598,0.571,8,-12.616,0,0.139,0.704,0,0.513,0.962,173.141,4";;;;;;;;;
"spotify:track:1xK59OXxi2TAAAbmZK0kBL,""Romantic Homicide"",""Romantic Homicide"",""d4vd"",2022-07-20,132630,85,false,,2022-11-22T02:38:07Z,"""",""D4VD ENT, LLC"",0.571,0.544,6,-10.613,1,0.0299,0.453,0.00805,0.322,0.216,132.052,4";;;;;;;;;
"spotify:track:6bxKECVRnkLmtpeU22Ve9p,""help_urself"",""Ezekiel Singles ’18-‘20"",""Ezekiel"",2021-08-11,139651,60,false,,2022-11-22T02:22:16Z,""hyperpop,breakcore"",""Warner Records"",0.413,0.624,11,-10.353,1,0.0682,0.00859,0.0178,0.132,0.0814,82.516,4";;;;;;;;;
"spotify:track:4h3KlpOEXS6FxIpab6EKlf,""INCOMING"",""INCOMING"",""MC ORSEN"",2021-07-02,140160,59,true,,2022-11-14T03:52:53Z,""phonk,drift phonk"",""MC ORSEN"",0.905,0.876,2,-5.467,1,0.0422,0.00391,0.841,0.058,0.31,124.976,4";;;;;;;;;
"spotify:track:0wGbyS1tExQSwOYu6UceyE,""SHADOW"",""SHADOW"",""ONIMXRU";"SMITHMANE"",2022-07-29,162041,62,true,,2022-11-13T06:14:31Z,""phonk,drift phonk,phonk brasileño"",""ONIMXRU x SMITHMANE"",0.721,0.692,7,-2.927,1,0.0414,0.000166,0.275,0.104,0.531,120.005,4";;;;;;;;
"spotify:track:6Rky4H51h4E35meaMTfJQF,""SUNRISE"",""SUNRISE"",""Xantesha"",2022-05-30,110052,54,false,,2022-11-13T05:33:13Z,""phonk,drift phonk,phonk brasileño"",""Xantesha"",0.713,0.95,1,-7.582,1,0.042,0.00262,0.856,0.191,0.643,150.003,4";;;;;;;;;
"spotify:track:4PhmhR3EFC3ERLFSvuDZwu,""MTG MALDIÇÃO ETERNA 1.0"",""MTG MALDIÇÃO ETERNA 1.0"",""DJ GLK";MC LIPEX;"Dj luis do grau"",2022-07-31,137880,0,true,,2022-11-13T05:26:16Z,""phonk,phonk brasileño,funk bruxaria"",""DOMINANDO OS FLUXOS"",0.533,0.528,6,-10.175,1,0.101,0.707,0.575,0.258,0.0916,130.242,4";;;;;;;
"spotify:track:67AaPvdbEcwFsrrs8e310M,""PRINCE OF DARKNESS - Sped Up"",""PRINCE OF DARKNESS (Sped Up)"",""SHADXWBXRN";ARCHEZ;"KXNVRA"",2022-08-19,108459,34,true,,2022-11-13T05:22:45Z,""phonk,drift phonk"",""SHADXWBXRN x ARCHEZ x KXNVRA"",0.597,0.947,1,-5.155,0,0.0473,0.151,0.715,0.321,0.72,141.579,4";;;;;;;
"spotify:track:6iqAyzW5xRCF5PqzLKjsKg,""Shadow Lady - DePaul Remix"",""Shadow Lady (DePaul Remix)"",""Portwave";"DePaul"",2021-11-19,173296,51,false,,2022-11-13T05:15:56Z,""witch house,phonk,drift phonk"",""PORTWAVE"",0.631,0.715,10,-4.374,0,0.0577,0.0675,0.753,0.14,0.345,103.911,4";;;;;;;;
"spotify:track:2WzAAerBvZvvFXgUpSwHZ9,""MIDNIGHT"",""MIDNIGHT"",""PLAYAMANE";"Nateki"",2022-02-13,121972,65,false,,2022-11-13T05:06:07Z,""phonk,drift phonk,phonk brasileño"",""PLAYAMANE"",0.633,0.433,1,-8.833,1,0.229,0.0053,0.28,0.145,0.373,122.088,4";;;;;;;;
"spotify:track:5FX30idriKlEIRYTxpNf65,""AVOID ME"",""AVOID ME"",""KUTE"",2022-02-11,105789,61,true,,2022-11-13T05:01:16Z,""phonk,drift phonk"",""KUTE"",0.656,0.964,6,-2.087,0,0.0964,0.123,0.813,0.78,0.965,114.007,4";;;;;;;;;
"spotify:track:2jYExkkWzOAH43LMsvupAG,""Scared"",""Scared"",""chipbagov"",2022-05-01,117888,0,false,,2022-11-13T04:59:21Z,""phonk,drift phonk,phonk brasileño"",""SAVAGE$TATION"",0.785,0.682,7,-10.361,1,0.209,0.00397,0.785,0.092,0.332,125.068,4";;;;;;;;;
"spotify:track:512GmOfa7bOg5IJcrVHMdy,""SLAUGHTER HOUSE"",""SLAUGHTER HOUSE"",""Phonkha";"zecki"",2022-07-29,151135,53,true,,2022-11-13T04:52:06Z,""phonk,drift phonk,phonk brasileño"",""Phonkha"",0.812,0.504,7,-6.512,1,0.388,0.00434,0.0151,0.717,0.701,114.995,4";;;;;;;;
"spotify:track:6EpU2zxfZU13uKlSbdPmHE,""New Magic FNAF"",""New Magic FNAF"",""stxr29"",1986-10-14,68933,0,true,,2022-11-13T04:49:21Z,"""",""stxr29"",0.388,0.603,7,-9.495,0,0.11,0.0169,0.123,0.795,0.598,133.038,3";;;;;;;;;
"spotify:track:7iMWAkz8g5dxtTueDeG0zs,""pure imagination - slowed + reverb"",""pure imagination - slowed + reverb"",""slō";twilight;"Tazzy"",2022-08-17,139795,32,false,,2022-11-13T04:45:46Z,""hipertecno,nightcore,hardstyle"",""Afterpeak Music Group"",0.475,0.225,3,-17.044,0,0.0393,0.701,0.0000354,0.136,0.0615,113.257,4";;;;;;;
"spotify:track:7hEQydPFCJzv56IYlDZQuO,""SLAUGHTER HOUSE - Sped Up"",""SLAUGHTER HOUSE (Remixes)"",""Phonkha";"zecki"",2022-08-19,123468,36,true,,2022-11-13T04:33:32Z,""phonk,drift phonk,phonk brasileño"",""Phonkha"",0.756,0.61,7,-6.521,1,0.453,0.0161,0.142,0.802,0.783,140.022,4";;;;;;;;
"spotify:track:6uguPVToau9mv1nDKU1JL8,""Beautiful Is Boring"",""Bones UK"",""BONES UK"",2019-07-12,231000,1,true,,2022-11-13T04:22:50Z,"""",""Sumerian Records"",0.536,0.926,6,-3.454,1,0.0781,0.0000834,0.000127,0.339,0.498,91.994,4";;;;;;;;;
"spotify:track:0yABdzMcJpRkKhVKXjfcUk,""7 Weeks & 3 Days"",""Over You"",""yungatita"",2020-01-03,194000,0,true,,2022-11-13T04:18:07Z,"""",""Counter Culture Records"",0.613,0.734,11,-8.833,0,0.0278,0.237,0.136,0.227,0.662,129.97,4";;;;;;;;;
"spotify:track:2IWtloZYQDcP8Ashwx8QEF,""Black Out Days"",""Voices"",""Phantogram"",2014-02-18,227160,76,false,,2022-11-13T04:10:15Z,"""",""Universal Records"",0.542,0.795,4,-3.63,0,0.0367,0.00506,0.019,0.0851,0.43,92.234,4";;;;;;;;;
"spotify:track:7wdwIaXUuzlu1grzWMFRJm,""Mary On A Cross"",""[MESSAGE FROM THE CLERGY]"",""Ghost"",2022-09-12,244804,62,false,,2022-11-13T03:40:38Z,""metal,rock pesado"",""UME - Global Clearing House"",0.467,0.9,11,-4.505,1,0.0451,0.000187,0.000493,0.105,0.554,130.027,4";;;;;;;;;
"spotify:track:7wtU7N6R49UAbzQcLjRy5q,""if god didnt want us to snort worms he wouldn't have made them cylindrical!"",""effective. Power"",""MIMIDEATH"",2020-03-05,58363,61,false,,2022-11-13T03:36:40Z,""breakcore,hyperpop,plunderphonics,speedcore"",""MIMIDEATH"",0.703,0.743,5,-10.624,0,0.0299,0.0694,0.639,0.116,0.349,123.549,4";;;;;;;;;
"spotify:track:3WRKAMgOBFpvHlwYeWTodJ,""fix me"",""fix me"",""kobzx2z"",2023-03-02,194725,0,false,,2022-11-13T03:30:53Z,"""",""LA VISION - Catalog Account"",0.769,0.626,3,-6.449,0,0.0773,0.625,0,0.109,0.623,74.975,4";;;;;;;;;
"spotify:track:5Y6nVaayzitvsD5F7nr3DV,""West Coast"",""Ultraviolence (Deluxe)"",""Lana Del Rey"",2014-01-01,256760,84,false,,2022-11-13T03:25:51Z,"""",""Polydor Records"",0.527,0.591,6,-7.664,0,0.0396,0.194,0.0194,0.0907,0.461,123.167,4";;;;;;;;;
"spotify:track:5f1j3h5DBkLpGfb90QGFvR,""Below the Surface"",""Below the Surface"",""Griffinilla"",2016-10-13,134857,68,false,,2022-11-13T02:58:00Z,"""",""604801 Records DK"",0.713,0.398,0,-8.852,0,0.0319,0.328,0.00000193,0.057,0.483,104.974,4";;;;;;;;;
"spotify:track:4sFGNz4MYpGoz53ZGCwsiE,""i'm yours sped up"",""i'm yours"",""Isabel LaRosa"",2022-10-28,127780,67,false,,2022-11-13T02:56:06Z,"""",""Slumbo Labs/RCA Records"",0.39,0.752,7,-7.581,0,0.19,0.108,0.00308,0.555,0.637,128.926,1";;;;;;;;;
"spotify:track:26ZzSLUJMmYp5u1hDELEWH,""Transgender"",""(III)"",""Crystal Castles"",2012-01-01,184760,59,false,,2022-11-13T02:41:03Z,""witch house,electroclash,new rave,dance alternativo"",""Polydor Records"",0.522,0.914,7,-8.285,1,0.0379,0.000164,0.847,0.24,0.0364,137.939,3";;;;;;;;;
"spotify:track:5gDWsRxpJ2lZAffh5p7K0w,""Stargirl Interlude"",""Starboy"",""The Weeknd";"Lana Del Rey"",2016-11-24,111626,79,false,,2022-11-13T02:37:15Z,"""",""The Weeknd/Lyric"",0.715,0.47,5,-12.638,0,0.0772,0.353,0.0923,0.104,0.426,89.965,4";;;;;;;;
"spotify:track:3jjsRKEsF42ccXf8kWR3nu,""Washing Machine Heart"",""Be the Cowboy"",""Mitski"",2018-08-17,128198,84,false,,2022-11-13T02:29:15Z,"""",""Dead Oceans"",0.613,0.822,9,-4.087,1,0.026,0.0092,0.506,0.429,0.567,105.997,4";;;;;;;;;
"spotify:track:1QxcWlk8PivolUaWcpAoNq,""Who Is She ?"",""Neveroddoreven"",""I Monster"",2005-01-27,213373,71,false,,2022-11-13T02:22:37Z,"""",""Instant Karma"",0.392,0.802,1,-4.014,0,0.0418,0.076,0.00908,0.0925,0.101,152.734,4";;;;;;;;;
"spotify:track:40M2J1oNKoQ5zJuQsm8nNE,""Kass' Theme (From """"The Legend of Zelda: Breath of the Wild) [Edited Version]"",""Kass' Theme (From """"The Legend of Zelda: Breath of the Wild"""")"",""Yasuaki Iwata";Manaka Kataoka;"Qumu"",2017-03-18,276352,37,false,,2022-09-30T02:54:10Z,"""",""Qumu"",0.611,0.0962,2,-19.756,0,0.0352,0.942,0.877,0.0838,0.769,170.004,3";;;;;;;
"spotify:track:38EmZT3oWA6lJE0o4ajfG8,""Liebesleid (Love's Sorrow) [arr. S. Rachmaninov]"",""Rachmaninov: Piano Transcriptions"",""Fritz Kreisler";"RueiBin Chen"",1999-03-31,253573,54,false,,2022-09-30T02:49:20Z,""música clásica,piano clásico"",""Marco-Polo"",0.331,0.169,9,-19.859,1,0.0325,0.994,0.886,0.121,0.258,97.836,4";;;;;;;;
"spotify:track:2EJUPjiUf2EZIqnRyStzpY,""12 Études, Op. 25: No. 11 in A Minor"",""Chopin mélancolie"",""Frédéric Chopin";"Milosz Magin"",2021-10-17,196626,0,false,,2022-09-30T02:17:39Z,""piano clásico,música clásica"",""UME - Global Clearing House"",0.297,0.417,0,-14.855,1,0.031,0.974,0.877,0.138,0.16,130.27,4";;;;;;;;
"spotify:track:1RfRJQBAKOUB62o3Q0i6kn,""Nocturne No. 20 in C-Sharp Minor, Op. Posth."",""Chopin mélancolie"",""Frédéric Chopin";"Brigitte Engerer"",2021-10-17,219000,0,false,,2022-09-30T01:10:33Z,""piano clásico,música clásica"",""UME - Global Clearing House"",0.252,0.0135,1,-27.374,0,0.0549,0.992,0.897,0.0945,0.185,76.199,3";;;;;;;;
"spotify:track:0boS4e6uXwp3zAvz1mLxZS,""Run Boy Run"",""The Golden Age"",""Woodkid"",2013-01-01,213266,77,false,,2022-09-20T04:48:25Z,"""",""Island Records"",0.506,0.959,5,-5.264,0,0.102,0.084,0.000655,0.135,0.34,133.996,4";;;;;;;;;
"spotify:track:6GyFP1nfCDB8lbD2bG0Hq9,""Midnight City"",""Hurry up, We're Dreaming"",""M83"",2011-10-17,243960,83,false,,2022-09-20T04:29:32Z,"""",""M83 Recording Inc"",0.507,0.729,11,-5.399,0,0.0393,0.0182,0.0000014,0.0658,0.272,105.013,4";;;;;;;;;
"spotify:track:1aXV8GrmQLvgoFtBPERP7E,""Jealous"",""Jealous"",""Eyedress"",2019-12-06,122338,36,false,,2022-09-19T04:01:29Z,"""",""Lex Records"",0.474,0.921,9,-10.431,0,0.0457,0.00491,0.85,0.476,0.696,93.01,4";;;;;;;;;
"spotify:track:7fyG2MquxykO3Ufiku1Dj2,""Treehouse"",""Treehouse"",""Alex G";"Emily Yacina"",2011-01-17,158801,78,false,,2022-09-19T03:56:50Z,"""",""Alex G & Emily Yacina"",0.612,0.196,7,-19.489,0,0.0359,0.706,0.319,0.111,0.142,73.489,4";;;;;;;;
"spotify:track:3L3G4XFQqtFe9a3azMacZ5,""Good Looking"",""Good Looking"",""Suki Waterhouse"",2017-10-20,214800,0,false,,2022-09-19T03:49:57Z,"""",""Sub Pop Records"",0.377,0.558,4,-9.076,1,0.0299,0.0789,0.000342,0.125,0.267,149.971,3";;;;;;;;;
"spotify:track:0MnTkIEP4zZN1IUSu8MvIz,""Tek It - Sped Up"",""Tek It (I Watch the Moon)"",""Cafuné"",2019,166859,77,false,,2022-09-19T03:36:48Z,"""",""Elektra (NEK)"",0.348,0.95,10,-5.049,0,0.124,0.0000993,0.00000968,0.0868,0.377,168.964,4";;;;;;;;;
"spotify:track:6VhuP99TE6gYNQRJIlAWFD,""Until I Found You"",""Easy On My Eyes"",""Stephen Sanchez"",2022-08-19,176666,81,false,,2022-09-19T03:29:00Z,"""",""Republic Records"",0.346,0.5,10,-6.097,1,0.0388,0.757,0,0.189,0.191,202.466,3";;;;;;;;;
"spotify:track:5K3SJuYEkvvrLbzOjPyRi1,""BABYDOLL (Speed)"",""BABYDOLL (Speed)"",""Ari Abdul"",2022-04-01,156650,70,true,,2022-09-19T03:09:34Z,""dark r&b"",""Not specified"",0.552,0.582,11,-5.535,1,0.0404,0.0813,0.205,0.177,0.538,105.483,4";;;;;;;;;
"spotify:track:56k2ztFw7hQRzDeoe80pJo,""Kiss The Go-Goat"",""Seven Inches Of Satanic Panic"",""Ghost"",2019-09-13,195693,1,false,,2022-09-19T03:09:01Z,""metal,rock pesado"",""Loma Vista Recordings"",0.469,0.851,10,-4.147,1,0.0547,0.000213,0.00000786,0.154,0.549,130.053,4";;;;;;;;;
"spotify:track:5TNhjanmvwvmjCz2WYwSAv,""Square Hammer"",""Meliora (Deluxe Edition)"",""Ghost"",2016-09-16,239293,67,false,,2022-09-19T02:59:00Z,""metal,rock pesado"",""Loma Vista"",0.53,0.903,2,-4.396,0,0.0483,0.0000331,0.182,0.259,0.747,129.983,4";;;;;;;;;
"spotify:track:2HZLXBOnaSRhXStMLrq9fD,""Mary On A Cross"",""Seven Inches Of Satanic Panic"",""Ghost"",2019-09-13,244804,5,false,,2022-09-19T00:48:54Z,""metal,rock pesado"",""Loma Vista Recordings"",0.466,0.9,11,-4.469,1,0.0447,0.000235,0.00104,0.103,0.561,130.02,4";;;;;;;;;
"spotify:track:6OufwUcCqo81guU2jAlDVP,""Love Tonight (Edit)"",""Love Tonight"",""Shouse"",2017-12-14,241970,68,false,,2022-09-11T16:11:40Z,"""",""Hell Beach"",0.727,0.681,5,-7.114,0,0.0265,0.00214,0.000307,0.0861,0.448,123.028,4";;;;;;;;;
"spotify:track:1Fid2jjqsHViMX6xNH70hE,""Atlantis"",""Tell Me It's Real (Expanded Edition)"",""Seafret"",2016-01-29,229613,83,false,,2022-09-09T00:32:20Z,"""",""Sweet Jane Recordings"",0.4,0.479,8,-7.989,0,0.0308,0.0529,0.00000214,0.115,0.213,166.159,4";;;;;;;;;
"spotify:track:3dPQuX8Gs42Y7b454ybpMR,""Seven Nation Army"",""Elephant"",""The White Stripes"",2003-04-01,232106,87,false,,2022-08-31T01:16:14Z,""garage rock,blues rock,rock,rock alternativo"",""Legacy Recordings"",0.743,0.446,4,-7.807,0,0.0683,0.0039,0.118,0.337,0.278,123.596,4";;;;;;;;;
"spotify:track:6RK3IsiUW6YaSMEodbO4tk,""Solitude - Felsmann + Tiley Reinterpretation"",""Solitude (Felsmann + Tiley Reinterpretation)"",""M83";"Felsmann + Tiley"",2020-05-14,222354,71,false,,2022-08-27T02:09:09Z,"""",""naïve"",0.367,0.202,0,-11.342,1,0.0313,0.668,0.145,0.109,0.0362,121.865,4";;;;;;;;
"spotify:track:3aauaXWRgwCMoykMbI0Jq1,""I Feel Like I'm Drowning"",""A 20 Something Fuck"",""Two Feet"",2018-10-05,185520,77,false,,2022-08-21T16:20:51Z,"""",""Republic Records"",0.717,0.577,8,-5.436,1,0.0491,0.708,0.00422,0.0899,0.235,104.926,3";;;;;;;;;
"spotify:track:2KBYPTSTHjYYOPACrFTkPy,""Punk Tactics"",""Punk Tactics"",""Joey Valence & Brae"",2022-04-15,143552,0,true,,2022-08-21T15:06:27Z,"""",""Joey Valence & Brae"",0.513,0.974,1,-1.113,0,0.508,0.0159,0,0.0712,0.503,195.767,4";;;;;;;;;
"spotify:track:4woTEX1wYOTGDqNXuavlRC,""Superman"",""The Eminem Show"",""Eminem";"Dina Rae"",2002-05-26,350320,84,true,,2022-08-21T14:49:18Z,""rap,hip hop"",""Eminem Catalog PS"",0.802,0.755,4,-3.138,0,0.0564,0.0215,0,0.295,0.58,130.027,4";;;;;;;;
"spotify:track:1KIJclzEbNhSVw8tiHPWwE,""Young"",""Vibes"",""Vacations"",2016,189160,79,false,,2022-08-20T21:30:06Z,"""",""Nettwerk Music Group"",0.498,0.81,7,-4.065,1,0.0263,0.00392,0.00717,0.0635,0.594,79.935,4";;;;;;;;;
"spotify:track:0fv2KH6hac06J86hBUTcSf,""NEW MAGIC WAND"",""IGOR"",""Tyler, The Creator"",2019-05-17,195327,79,true,,2022-08-20T21:26:27Z,"""",""Columbia"",0.621,0.73,5,-5.414,0,0.107,0.0967,0.000131,0.673,0.464,139.566,4";;;;;;;;;
"spotify:track:5poS8LyxohSACjuIZ61EyS,""Hey Kids"",""Hey Kids"",""Molina";"Late Verlane"",2018-04-20,233374,5,false,,2022-08-20T20:59:10Z,"""",""TAMBOURHINOCEROS"",0.581,0.533,4,-8.433,0,0.0274,0.0217,0.00539,0.259,0.466,87.017,4";;;;;;;;
"spotify:track:5RBOcBpJXaNnHCGViJmYhh,""The Perfect Girl"",""The Perfect Girl"",""Mareux"",2021-12-08,194423,78,false,,2022-08-20T20:48:07Z,""darkwave,cold wave"",""Revolution Records"",0.485,0.89,8,-5.992,0,0.0911,0.000872,0.818,0.102,0.258,128.881,4";;;;;;;;;
"spotify:track:4BY4V1T0RJK1HmD2Q0ClyK,""Oblivion"",""Visions"",""Grimes"",2012-03-12,251266,73,false,,2022-08-20T20:47:50Z,""art pop"",""4AD"",0.697,0.529,2,-8.838,1,0.0338,0.115,0.896,0.0895,0.486,155.974,4";;;;;;;;;
"spotify:track:5QmdK8QFbY8TLVKPuJzexD,""Dark Beach"",""Abyss"",""Pastel Ghost"",2015-03-10,222000,4,false,,2022-08-20T20:47:33Z,""witch house,darkwave"",""Cleopatra Records"",0.534,0.919,7,-7.318,1,0.0355,0.284,0.591,0.092,0.153,130.03,4";;;;;;;;;
"spotify:track:7I4ibsZgwuf46g0xHuTC8s,""HDMI"",""Rotten"",""BONES"",2014-12-02,139440,71,true,,2022-08-20T18:01:46Z,""cloud rap,rap emo,horrorcore,trap metal,hip hop underground"",""TeamSESH"",0.713,0.29,7,-16.365,1,0.0647,0.686,0.807,0.318,0.121,124.941,4";;;;;;;;;
"spotify:track:7r4xKog44gHXG4DfDPxiFX,""SPINBACK"",""SPINBACK"",""洛尔"",1975-06-16,82561,0,true,,2022-08-20T17:44:21Z,"""",""3769202 Records DK2"",0.74,0.49,2,-13.151,1,0.23,0.0673,0.0307,0.622,0.206,129.789,4";;;;;;;;;
"spotify:track:54ipXppHLA8U4yqpOFTUhr,""Bones"",""Mercury - Acts 1 & 2"",""Imagine Dragons"",2022-07-01,165264,82,false,,2022-07-12T01:40:59Z,"""",""Kid Ina Korner / Interscope"",0.772,0.75,5,-3.67,0,0.0455,0.0201,0,0.074,0.587,114.061,4";;;;;;;;;
"spotify:track:5flerg6aEao2VayZezVlgu,""Insane"",""Insane"",""Black Gryph0n";"Baasik"",2021-06-11,159714,76,false,,2022-07-08T22:12:25Z,"""",""Black Gryph0n & Baasik"",0.716,0.712,4,-5.826,0,0.144,0.193,0,0.823,0.797,104.899,4";;;;;;;;
"spotify:track:0BfgFi5DedehpKzMJrqABI,""Kill the Lights"",""Cinematics (Expanded Edition)"",""Set It Off"",2013-06-25,168720,55,false,,2022-07-08T22:05:27Z,"""",""Equal Vision Records"",0.513,0.894,1,-3.587,0,0.0711,0.0761,0,0.0406,0.827,159.944,4";;;;;;;;;
"spotify:track:72vsd9IEBIonmvIY7TEjXK,""I'll Sleep When I'm Dead"",""Cinematics (Deluxe)"",""Set It Off"",2012-09-18,204053,58,false,,2022-07-08T21:55:54Z,"""",""Equal Vision Records"",0.402,0.924,1,-3.867,0,0.159,0.00106,0,0.0786,0.445,169.996,4";;;;;;;;;
"spotify:track:2F0V2ZtysDji16KdnRYnno,""Street Fight"",""Street Fight"",""Adam Jensen"",2017-12-15,191180,55,false,,2022-07-08T21:54:20Z,"""",""Nettwerk Music Group"",0.716,0.738,1,-6.347,1,0.0406,0.0018,0.00676,0.113,0.349,129.04,4";;;;;;;;;
"spotify:track:3UEnF6y5tyHVtMzldS3svp,""Everything Black"",""Everything Black"",""Unlike Pluto";Mike Taylor;"UPxMT"",2017-03-10,228979,70,false,,2022-07-08T21:48:57Z,"""",""Monstercat"",0.62,0.864,5,-4.334,0,0.114,0.0323,0,0.117,0.395,98.059,4";;;;;;;
"spotify:track:7vguMCv8uVuZLiQJ156u3Z,""Play with Fire (feat. Yacht Money)"",""Play with Fire (feat. Yacht Money)"",""Sam Tinnesz";"Yacht Money"",2017-07-07,180690,73,false,,2022-07-08T21:44:35Z,"""",""Tinman Entertainment"",0.573,0.539,2,-6.091,0,0.0322,0.0162,0.0000116,0.105,0.39,75.012,4";;;;;;;;
"spotify:track:4WXFDVe299Po8ih6Np54n2,""Wolf in Sheep's Clothing (feat. William Beckett)"",""Duality"",""Set It Off"",2014-10-14,187880,68,false,,2022-07-08T21:28:17Z,"""",""Equal Vision Records"",0.445,0.907,11,-3.894,0,0.0773,0.00161,0,0.403,0.71,165.069,4";;;;;;;;;
"spotify:track:1uAgeHkDTCPbZLiYOMXk3S,""Etude Op. 10 No. 4 (Torrent)"",""Etude Op. 10 No. 4 (Torrent)"",""Rousseau"",2018-09-07,113632,50,false,,2022-06-25T05:05:32Z,""piano clásico,música clásica"",""Rousseau"",0.407,0.343,6,-12.815,0,0.0313,0.954,0.9,0.132,0.533,89.326,4";;;;;;;;;
"spotify:track:29d0nY7TzCoi22XBqDQkiP,""Running Up That Hill (A Deal With God) - 2018 Remaster"",""Hounds of Love (2018 Remaster)"",""Kate Bush"",1985-09-16,300840,6,false,,2022-06-14T23:03:06Z,""art pop,pop barroco,art rock"",""Rhino"",0.625,0.533,10,-11.903,0,0.0596,0.659,0.00266,0.0546,0.139,108.296,4";;;;;;;;;
"spotify:track:7yq4Qj7cqayVTp3FF9CWbm,""Riptide"",""Dream Your Life Away"",""Vance Joy"",2014-09-08,204280,84,false,,2022-06-14T20:25:12Z,""folk pop"",""F-Stop Records/Atlantic"",0.484,0.731,1,-6.694,1,0.0379,0.431,0,0.151,0.51,101.654,4";;;;;;;;;
"spotify:track:3VIJBrMpvimHEw5wtPh2wB,""Money"",""Portamento"",""The Drums"",2011-01-01,233639,78,false,,2022-06-14T04:09:36Z,""indie"",""Universal-Island Records Ltd."",0.603,0.918,4,-6.652,0,0.0641,0.216,0.146,0.284,0.452,102.473,4";;;;;;;;;
"spotify:track:3VCXx37jNGNOMns6z2OnvJ,""Swing Lynn"",""I'm Sure"",""Harmless"",2012-08-14,321438,76,false,,2022-06-14T04:08:41Z,"""",""Nettwerk Music Group"",0.464,0.945,2,-1.815,1,0.0401,0.0506,0.756,0.112,0.453,165.177,4";;;;;;;;;
"spotify:track:34xGLuxM0rkxhCVyMSqwJO,""Stolen Dance"",""Sadnecessary"",""Milky Chance"",2013-05-31,313684,84,false,,2022-06-14T04:07:56Z,"""",""Stoned In Paradise"",0.884,0.581,11,-8.813,1,0.0378,0.427,0.000206,0.0759,0.728,114.016,4";;;;;;;;;
"spotify:track:5QjoIwD2oUBUUlrHpZa1nZ,""Bust Your Kneecaps"",""Pomplamoose Live"",""Pomplamoose"",2016-12-01,196500,50,false,,2022-06-14T04:02:39Z,"""",""Pomplamoose Inc."",0.639,0.598,0,-5.783,1,0.0354,0.32,0,0.0971,0.379,117.871,4";;;;;;;;;
"spotify:track:403EjoWwYSX37paKSySxs1,""Silhouette"",""Silhouette"",""Pastel Ghost"",2013-07-09,239999,1,false,,2022-06-13T23:22:37Z,""witch house,darkwave"",""Pastel Ghost"",0.58,0.928,9,-8.449,1,0.238,0.00905,0.874,0.0966,0.482,130.012,4";;;;;;;;;
"spotify:track:0kYMwaQWABTkFff8AZjmYI,""Hayloft II"",""Inside (Deluxe)"",""Mother Mother"",2022-01-28,215040,75,false,,2022-06-13T23:20:29Z,"""",""WM Canada"",0.326,0.866,9,-4.541,0,0.101,0.0044,0.00000737,0.0912,0.172,178.181,4";;;;;;;;;
"spotify:track:6sHsXIJoEN5JpdkGMQDJxt,""The Boy Is Mine"",""Never Say Never"",""Brandy";"Monica"",1998-05-29,294786,78,false,,2022-06-13T23:17:59Z,""R&B"",""Atlantic Records"",0.704,0.707,1,-6.537,0,0.0391,0.539,0.00106,0.318,0.761,93.145,4";;;;;;;;
"spotify:track:0HDO6JFfplYPrSWuufUosZ,""Amour plastique"",""Euphories"",""Videoclub";Adèle Castillon;"Mattyeux"",2021-01-29,227026,0,false,,2022-06-11T02:06:35Z,""indie pop francés,pop francés"",""Petit Lion Productions"",0.696,0.354,6,-14.043,0,0.0353,0.767,0.00158,0.128,0.242,119.938,4";;;;;;;
"spotify:track:703kjRRc7a3Drgl3zI5hIy,""La Seine And I"",""A Monster In Paris"",""Vanessa Paradis";"Sean Ono Lennon"",2011-01-01,168133,55,false,,2022-06-11T01:55:02Z,""variété française,chanson,pop francés"",""Universal Music Division Barclay"",0.745,0.69,2,-6.446,0,0.0307,0.559,0.00000134,0.113,0.421,113.123,4";;;;;;;;
"spotify:track:1zyUz3eZ3sytdaR9lfW17q,""Écoute Chérie"",""Premiers émois"",""Vendredi sur Mer"",2019-03-22,224933,75,false,,2022-06-11T01:38:05Z,""indie pop francés,pop francés"",""Profil de Face"",0.607,0.647,7,-7.17,0,0.0452,0.138,0.00102,0.255,0.689,92.915,4";;;;;;;;;
"spotify:track:7ef4DlsgrMEH11cDZd32M6,""One Kiss (with Dua Lipa)"",""One Kiss (with Dua Lipa)"",""Calvin Harris";"Dua Lipa"",2018-04-06,214846,82,false,,2022-06-11T01:36:58Z,""EDM,pop"",""Sony Music UK"",0.791,0.862,9,-3.24,0,0.11,0.037,0.0000219,0.0814,0.592,123.994,4";;;;;;;;
"spotify:track:3JvKfv6T31zO0ini8iNItO,""Another Love"",""Long Way Down (Deluxe)"",""Tom Odell"",2013-06-24,244360,89,true,,2022-06-11T01:36:35Z,"""",""ITNO/Columbia"",0.445,0.537,4,-8.532,0,0.04,0.695,0.0000165,0.0944,0.131,122.769,4";;;;;;;;;
"spotify:track:5t1i75ExuS97cGtrbXoQnQ,""Call Me - Slowed"",""Call Me (Slowed)"",""plenka"",2021-10-06,160484,0,false,,2022-06-02T04:25:38Z,""witch house,drift phonk,phonk"",""Unstable Union"",0.734,0.83,9,-6.478,0,0.0348,0.002,0.831,0.135,0.338,110.75,4";;;;;;;;;
"spotify:track:2Vc6NJ9PW9gD9q343XFRKx,""Mercury: Retrograde"",""Hexada"",""Ghostemane"",2017-09-05,124538,1,true,,2022-06-02T04:21:03Z,""trap metal,horrorcore,rap emo,cloud rap,rap metal"",""GHOSTEMANE"",0.831,0.814,2,-7.364,1,0.42,0.0598,0.0134,0.0556,0.389,156.985,4";;;;;;;;;
"spotify:track:7BMQKWEdSZOZj33Tg2hfGm,""Phonky Trap"",""Phonky Trap"",""Suave Lee"",2021-07-13,151413,48,false,,2022-06-02T04:05:41Z,""phonk,drift phonk"",""3193553 Records DK"",0.782,0.858,1,-10.158,1,0.0678,0.0711,0.967,0.111,0.0692,135.005,4";;;;;;;;;
"spotify:track:3svmi1v7HMlyYb7Pnossz6,""Fahrradsattel"",""Kohlrübenwinter"",""Pisse"",2016-09-19,109049,0,false,,2022-06-02T03:55:23Z,""egg punk"",""Phantom Records"",0.676,0.937,2,-7.756,1,0.0754,0.264,0.742,0.698,0.655,120.161,4";;;;;;;;;
"spotify:track:46AX8pgh331m7C7q2t9Jra,""KAWAII"",""GOLDEN FLOWER"",""Tatarka"",2020-10-29,127338,59,false,,2022-06-02T03:50:28Z,"""",""Warner Music Russia"",0.767,0.692,10,-4.876,0,0.101,0.02,0.00104,0.343,0.41,83.053,4";;;;;;;;;
"spotify:track:5eWhCWydXXHguwz33H7SA1,""KERAUNOS KILLER - Speed Up"",""KERAUNOS KILLER (Speed Up)"",""4WHEEL"",2022-01-28,80604,46,false,,2022-06-02T03:47:21Z,""phonk,drift phonk"",""4WHEEL"",0.574,0.96,0,-3.714,1,0.0489,0.111,0.783,0.358,0.961,137.326,4";;;;;;;;;
"spotify:track:04cMUwER7r2VwqMCj4kYJ9,""Devil Eyes"",""Devil Eyes"",""ZODIVK"",2022-01-28,136651,65,true,,2022-06-02T03:18:07Z,""phonk,phonk brasileño,drift phonk"",""ZODIVK"",0.73,0.757,2,-7.379,1,0.0989,0.00189,0.833,0.157,0.259,102.378,4";;;;;;;;;
"spotify:track:5IJWadF9aEwG1H4iIrYyUz,""Queen of Pain"",""Queen of Pain"",""VØJ";"Lastfragment"",2022-03-18,133365,43,true,,2022-06-02T03:10:50Z,""phonk,synthwave,drift phonk"",""VØJ"",0.819,0.91,0,-6.592,1,0.209,0.0418,0.494,0.664,0.633,122.003,4";;;;;;;;
"spotify:track:4rCDfKjSS4KZk6hMB9epXh,""Stereo Love - Original"",""Stereo Love"",""Edward Maya";"Vika Jigulina"",2010-02-02,247853,71,false,,2022-06-02T03:07:17Z,""europop"",""Catchy Tunes"",0.782,0.784,9,-5.478,1,0.0368,0.0382,0.0115,0.0735,0.375,127.031,4";;;;;;;;
"spotify:track:6QNCvcs758QuBEBISL6XIV,""Happy Face"",""Happy Face"",""Jagwar Twin"",2020-12-11,169760,0,false,,2022-05-19T02:30:36Z,"""",""Big Loud Rock"",0.419,0.707,9,-6.488,1,0.0499,0.0174,0,0.157,0.37,177.551,4";;;;;;;;;
"spotify:track:6ioupaJ387IxHQC9RSHMar,""Cnv Sound, Vol. 14"",""Cnv Sound Volums (Kion Studio One Shots)"",""Pure Negga";"Ziko"",2018-05-20,194583,0,false,,2022-05-13T00:39:47Z,""reggae en español,reggae"",""Pure Nigga"",0.83,0.666,6,-4.281,0,0.443,0.4,0.000105,0.0922,0.938,173.364,4";;;;;;;;
"spotify:track:424GDxARRXRaZ7Mla9EDI2,""The Mystic"",""The Mystic"",""Adam Jensen"",2016-11-04,189600,60,false,,2022-05-11T00:19:59Z,"""",""Nettwerk Music Group"",0.556,0.72,4,-5.132,0,0.0415,0.358,0,0.146,0.405,125.324,4";;;;;;;;;
"spotify:track:5NnFkbEjahUGx5T3qxbNCW,""Break My Baby"",""I Want More / Break My Baby"",""KALEO"",2020-01-15,265558,48,false,,2022-05-11T00:18:50Z,"""",""Elektra (NEK)"",0.529,0.755,10,-3.917,0,0.0383,0.106,0.000607,0.157,0.383,73.998,4";;;;;;;;;
"spotify:track:2Y4BfOErhe6vE5vRBL2ms4,""Howling at the Moon"",""Howling at the Moon"",""D Fine Us";"Vigz"",2019-11-20,195580,49,false,,2022-05-11T00:12:21Z,"""",""Artlist Original"",0.481,0.505,7,-6.075,0,0.0326,0.0654,0,0.151,0.352,68.958,4";;;;;;;;
"spotify:track:4F3AZKEJubvPsl0hBArVBW,""Se Acabo (feat. Method Man)"",""Take It Or Squeeze It"",""The Beatnuts";"Method Man"",2001-03-10,212293,61,true,,2022-05-10T01:47:50Z,""East Coast hip hop,hip hop vieja escuela,hip hop,hardcore hip hop"",""Legacy Recordings"",0.935,0.519,6,-6.482,0,0.31,0.156,0,0.425,0.884,96.97,4";;;;;;;;
"spotify:track:0Oqc0kKFsQ6MhFOLBNZIGX,""Doin' Time"",""Norman Fucking Rockwell!"",""Lana Del Rey"",2019-08-30,202192,80,true,,2022-05-09T21:25:20Z,"""",""Polydor Records"",0.641,0.559,7,-11.132,0,0.0355,0.404,0.00402,0.0937,0.523,144.982,4";;;;;;;;;
"spotify:track:7uYyhUnxIsSF2LMWUpLs5V,""Do It"",""Do It"",""Ilkay Sencan"",2019-04-19,210146,48,true,,2022-05-09T21:24:52Z,""slap house"",""Columbia/B1 Recordings"",0.795,0.874,1,-3.502,1,0.0506,0.0812,0.0906,0.065,0.2,108.001,4";;;;;;;;;
"spotify:track:1AWQoqb9bSvzTjaLralEkT,""Rock Your Body"",""Justified"",""Justin Timberlake"",2002-11-04,267266,86,false,,2022-05-09T21:23:52Z,"""",""Jive"",0.892,0.714,4,-6.055,0,0.141,0.201,0.000234,0.0521,0.817,100.972,4";;;;;;;;;
"spotify:track:78iVPIyFgGjQ0g0TmDWYtQ,""Tongue"",""Tongue EP"",""Maribou State";"Holly Walker"",2013-01-01,304825,0,false,,2022-05-09T21:22:11Z,"""",""Southern Fried Records"",0.569,0.521,10,-10.183,0,0.0839,0.514,0.00469,0.0962,0.143,115.055,4";;;;;;;;
"spotify:track:10hMM5nsZQf66ldBlgWBfG,""All For Us - from the HBO Original Series Euphoria"",""All For Us (from the HBO Original Series Euphoria)"",""Labrinth";"Zendaya"",2019-08-04,192986,73,false,,2022-05-09T21:17:01Z,"""",""Republic Records"",0.348,0.652,3,-7.145,1,0.0931,0.0165,0.000264,0.33,0.172,70.956,4";;;;;;;;
"spotify:track:59tskctgqUmjCWAwhzYAFm,""Looking at Me"",""Singular Act II"",""Sabrina Carpenter"",2019-07-19,181120,77,false,,2022-05-09T18:23:32Z,""pop"",""Hollywood Records"",0.681,0.798,2,-4.367,1,0.0375,0.00398,0.00000511,0.0542,0.516,105.99,4";;;;;;;;;
"spotify:track:4GSqiK9YdVNhilXMFtCiQB,""Devil I Know"",""Cape God"",""Allie X"",2020-02-21,172880,0,false,,2022-05-09T18:22:37Z,"""",""Twin Music Inc"",0.51,0.536,1,-5.988,1,0.0399,0.0217,0.00000729,0.0869,0.384,90.763,4";;;;;;;;;
"spotify:track:4GRFzKI7jTZ3kbMfouc7bn,""Backstabber"",""Animal (Expanded Edition)"",""Kesha"",2010-01-01,186840,72,false,,2022-05-09T18:21:50Z,"""",""RCA Records Label"",0.6,0.939,7,-1.794,1,0.19,0.0666,0.00000618,0.34,0.833,159.941,4";;;;;;;;;
"spotify:track:2Foc5Q5nqNiosCNqttzHof,""Get Lucky (Radio Edit) [feat. Pharrell Williams and Nile Rodgers]"",""Get Lucky (Radio Edit) [feat. Pharrell Williams and Nile Rodgers]"",""Daft Punk";Pharrell Williams;"Nile Rodgers"",2013-04-19,247632,83,false,,2022-05-06T19:51:21Z,""house francés,electrónica,electro"",""Columbia"",0.794,0.811,6,-8.966,0,0.038,0.0426,0.00000107,0.101,0.862,116.047,4";;;;;;;
"spotify:track:2Y0iGXY6m6immVb2ktbseM,""Little Dark Age"",""Little Dark Age"",""MGMT"",2018-02-09,299933,80,false,,2022-05-06T19:36:40Z,""indie"",""Columbia"",0.705,0.712,6,-6.156,1,0.0385,0.0102,0.000855,0.1,0.62,97.512,4";;;;;;;;;
"spotify:track:3CLSHJv5aUROAN2vfOyCOh,""Close Eyes"",""Close Eyes"",""DVRST"",2021-05-25,132346,72,true,,2022-05-06T19:06:17Z,""phonk,drift phonk"",""DVRST"",0.784,0.572,0,-9.853,1,0.0573,0.0748,0.843,0.139,0.209,96.181,4";;;;;;;;;
"spotify:track:1fewSx2d5KIZ04wsooEBOz,""Space Cadet (feat. Gunna)"",""NOT ALL HEROES WEAR CAPES (Deluxe)"",""Metro Boomin";"Gunna"",2018-11-06,203266,78,true,,2022-05-06T19:02:54Z,""rap melódico"",""Republic Records"",0.901,0.464,5,-9.789,0,0.0645,0.368,0.0000182,0.238,0.638,109.004,4";;;;;;;;
"spotify:track:7K9Z3yFNNLv5kwTjQYGjnu,""#BrooklynBloodPop!"",""#BrooklynBloodPop!"",""SyKo"",2020-07-27,145610,2,false,,2022-05-06T18:55:37Z,""hyperpop"",""syko"",0.691,0.814,1,-3.788,0,0.117,0.0164,0,0.366,0.509,132.012,4";;;;;;;;;
"spotify:track:7xnElMPFCmSlMJ0AY2hnxc,""Dead To Me - Slow + Reverb"",""Dead To Me Slow + Reverb"",""Whales";Fraxo;"Lox Chatterbox"",2021-08-17,267227,59,false,,2022-05-06T18:49:14Z,""dubstep,riddim"",""The Reef"",0.682,0.543,1,-8.66,1,0.0688,0.261,0,0.108,0.112,127.526,4";;;;;;;
"spotify:track:1UXrXVbD773QAizCRvPOww,""New Americana"",""New Americana"",""Mostus"",2021-06-17,167292,2,false,,2022-05-06T18:45:09Z,"""",""Mostus"",0.691,0.81,8,-9.35,1,0.0854,0.438,0,0.281,0.232,105.031,4";;;;;;;;;
"spotify:track:6EtKlIQmGPB9SX8UjDJG5s,""Formula (From """"Euphoria: Season 1"""" Soundtrack)"",""Euphoria (Original Score from the HBO Series)"",""Labrinth"",2019-10-04,91869,81,false,,2022-05-06T18:43:15Z,"""",""Masterworks"",0.574,0.664,11,-6.068,1,0.0409,0.0448,0.0553,0.146,0.226,144.654,4";;;;;;;;;
"spotify:track:10yBOZi6cIDeJOlb7Pbz1J,""Write This Down"",""Escapism"",""SoulChef";"Nieve"",2010-11-17,189426,1,false,,2022-05-06T18:39:30Z,""jazz rap"",""GOON TRAX"",0.824,0.818,10,-4.396,0,0.18,0.173,0.0136,0.21,0.844,92.978,4";;;;;;;;
"spotify:track:0ytvsZOerGzUWfHXVT2Sgy,""Eternal Youth"",""Eternal Youth"",""RŮDE"",2017-08-07,205766,64,false,,2022-05-06T18:31:05Z,""lo-fi"",""Chill Squad"",0.655,0.487,6,-7.988,1,0.033,0.0347,0.897,0.271,0.0454,139.914,4";;;;;;;;;
"spotify:track:2lDODk7inZnmUHbIjUnIwP,""Running Away"",""Running Away"",""VANO 3000";BADBADNOTGOOD;"Samuel T. Herring"",2021-06-21,111786,0,false,,2022-05-06T18:27:43Z,"""",""Innovative Leisure"",0.58,0.696,7,-10.91,1,0.0408,0.66,0.852,0.145,0.721,93.688,4";;;;;;;
"spotify:track:5QC9XbbqDYLmZp6zTaRl5D,""Outside - Tik Tok Remix"",""Viral Hits TikTok 3 (Remix)"",""Eduardo Luzquiños";"Ian Asher"",2021-01-28,173881,0,false,,2022-05-06T18:25:15Z,"""",""Eduardo Luzquiños"",0.619,0.602,0,-7.742,0,0.0341,0.283,0,0.106,0.341,123.927,4";;;;;;;;
"spotify:track:6hRvewF5MRAsqqxnNs3z2b,""SUICIDE YEAR"",""SUICIDE YEAR"",""WEEDMANE";"Suicideyear"",2020-12-16,91820,63,true,,2022-05-06T18:23:11Z,""phonk,drift phonk"",""WEEDMANE"",0.788,0.871,6,-5.782,0,0.043,0.172,0.00164,0.115,0.401,128.195,4";;;;;;;;
"spotify:track:4IlqQhaxrGPxmg35YcXXuS,""Dancin - Krono Remix"",""Ibiza 2019"",""Aaron Smith";Luvli;"Krono"",2019-11-11,256000,77,false,,2022-05-06T18:21:31Z,"""",""Moody Recordings"",0.751,0.727,10,-9.789,0,0.0304,0.0442,0.0338,0.1,0.28,119.982,4";;;;;;;
"spotify:track:1xrnzQihjKjEiBSqTgTkV9,""Wait a Minute Sped Up"",""Wait a Minute Sped Up"",""Chillos"",2022-04-21,164025,0,false,,2022-05-06T18:15:44Z,"""",""DRM"",0.774,0.711,11,-5.463,0,0.0324,0.049,0.000124,0.189,0.769,117.685,4";;;;;;;;;
"spotify:track:0y60itmpH0aPKsFiGxmtnh,""Wait a Minute!"",""ARDIPITHECUS"",""WILLOW"",2015-01-11,196520,86,false,,2022-05-06T18:15:23Z,"""",""Roc Nation W Smith P&D"",0.764,0.705,3,-5.279,0,0.0278,0.0371,0.0000194,0.0943,0.672,101.003,4";;;;;;;;;
"spotify:track:1rqqCSm0Qe4I9rUvWncaom,""High Hopes"",""Pray for the Wicked"",""Panic! At The Disco"",2018-06-22,190946,85,false,,2022-04-28T22:41:50Z,""emo"",""DCD2 / Fueled By Ramen"",0.579,0.904,5,-2.729,1,0.0618,0.193,0,0.064,0.681,82.014,4";;;;;;;;;
"spotify:track:5bcTCxgc7xVfSaMV3RuVke,""Feels (feat. Pharrell Williams, Katy Perry & Big Sean)"",""Funk Wav Bounces Vol.1"",""Calvin Harris";Pharrell Williams;Katy Perry;Big Sean;"Funk Wav"",2017-06-30,223413,83,true,,2022-04-28T22:41:07Z,""EDM,pop"",""Columbia"",0.893,0.745,11,-3.105,0,0.0571,0.0642,0,0.0943,0.872,101.018,4";;;;;
"spotify:track:1WrUBLZvinHljcfbJHuLMC,""Kass' Theme (From """"The Legend of Zelda: Breath of the Wild) [Edited Version]"",""Kass' Theme (From """"The Legend of Zelda: Breath of the Wild"""")"",""Yasuaki Iwata";Manaka Kataoka;"Qumu"",2017-03-18,276352,0,false,,2022-04-21T04:23:28Z,"""",""Qumu"",0.61,0.0967,5,-19.75,1,0.0351,0.939,0.921,0.0845,0.785,170.027,3";;;;;;;
"spotify:track:5WKxoVZqQkRETSwgt3odjS,""Mipha's Theme (From """"The Legend of Zelda: Breath of the Wild"""")"",""ZELDA: Piano Temple"",""Moisés Nieto"",2019-10-28,215899,0,false,,2022-04-21T04:23:27Z,"""",""Moisés Nieto"",0.662,0.0861,5,-21.299,1,0.0869,0.993,0.891,0.0946,0.264,137.279,4";;;;;;;;;
"spotify:track:6O9Ae183gg3Y1cgPdbjwDz,""Perdoname"",""Perdoname"",""Deorro";DyCy;"Adrian Delgado"",2014-12-02,270053,0,false,,2022-04-21T03:00:52Z,""Melbourne bounce,electro house"",""Ultra Records"",0.855,0.856,9,-2.574,0,0.105,0.000926,0.00271,0.959,0.516,127.989,4";;;;;;;
"spotify:track:2bId06MUsxJqO7LoeLZoq5,""Vegas (I Wanna Ride)"",""Vegas (I Wanna Ride)"",""Joseline Hernandez"",2022-01-16,220551,65,true,,2022-04-21T02:06:36Z,"""",""GS Entertainment Inc"",0.686,0.588,3,-11.444,0,0.154,0.156,0,0.106,0.7,78.347,4";;;;;;;;;
"spotify:track:755inykyaG4w22GWAsA3MX,""Marlboro Nights"",""Marlboro Nights"",""Lonely God"",2018-06-28,68522,71,false,,2022-04-21T02:02:44Z,"""",""Pizzaslime Records"",0.466,0.823,2,-6.635,1,0.311,0.00237,0.000321,0.332,0.782,175.797,4";;;;;;;;;
"spotify:track:52sDdbKEy6OQbv36sU2lSD,""Dance In Room Song"",""Pink Songs"",""Sipper"",2021-01-21,171243,0,false,,2022-04-21T02:00:12Z,""indie lo-fi,electroclash"",""Family Computer"",0.583,0.82,11,-6.774,1,0.0622,0.0293,0.00119,0.608,0.759,90.611,4";;;;;;;;;
"spotify:track:5ZF6l3xKi3m6YK2dDXAsR5,""Love Me Back (Fayahh Beat)"",""Love Me Back (Fayahh Beat)"",""Trinidad Cardona";"Robinson"",2022-04-04,193626,72,false,,2022-04-21T01:59:06Z,"""",""Artist Partner Group, Inc / Def Jam Recordings"",0.602,0.612,8,-8.115,1,0.0465,0.0325,0.00943,0.147,0.692,95.161,4";;;;;;;;
"spotify:track:0hkR93a0LriV2CQUhSXw3h,""Lights Down Low (feat. Waka Flocka Flame)"",""Lights Down Low (feat. Waka Flocka Flame)"",""Maejor";"Waka Flocka Flame"",2012-03-23,186120,77,true,,2022-04-21T01:51:55Z,"""",""RCA Records Label"",0.716,0.858,7,-3.468,0,0.0422,0.0688,0.00000287,0.0801,0.67,155.41,4";;;;;;;;
"spotify:track:0OHYaa2ufMbckjHC1VCrlG,""Goumi"",""Myriam Fares"",""Myriam Fares"",2021-09-01,189298,0,false,,2022-04-21T01:51:19Z,""jaliyi,pop egipcio"",""Myriam Fares"",0.668,0.912,5,-3.72,0,0.28,0.193,0.00000117,0.0581,0.836,119.969,4";;;;;;;;;
"spotify:track:2PIvq1pGrUjY007X5y1UpM,""Earned It (Fifty Shades Of Grey) - From The """"Fifty Shades Of Grey"""" Soundtrack"",""Earned It (Fifty Shades Of Grey) [From The """"Fifty Shades Of Grey"""" Soundtrack]"",""The Weeknd"",2014-12-23,252226,73,false,,2022-04-21T01:48:48Z,"""",""Fifty Shades of Grey"",0.659,0.381,2,-5.922,0,0.0304,0.385,0,0.0972,0.426,119.844,3";;;;;;;;;
"spotify:track:5Us3svqTvNAdnQfEYfoL5g,""La Trampa es Ley"",""La Trampa es Ley"",""LIT killah"",2022-02-10,141864,58,false,,2022-04-21T01:27:28Z,""trap argentino,trap latino,trap,urbano latino"",""WEA Latina"",0.596,0.71,6,-5.815,1,0.136,0.243,0,0.204,0.632,117.871,4";;;;;;;;;
"spotify:track:7lOvJBqH38ZY59eLU7bioq,""all I want is you"",""all I want is you"",""Rebzyyx";"hoshie star"",2021-02-09,151415,78,true,,2022-04-16T20:17:32Z,""hyperpop"",""Arista Records"",0.46,0.999,11,-1.307,1,0.325,0.112,0,0.245,0.779,145.911,4";;;;;;;;
"spotify:track:1lethytswFEKkvfNIjdCC1,""help_urself"",""help_urself"",""Ezekiel"",2021-06-11,139651,60,false,,2022-04-16T20:15:23Z,""hyperpop,breakcore"",""Warner Records"",0.413,0.624,11,-10.353,1,0.0682,0.00859,0.0178,0.132,0.0814,82.516,4";;;;;;;;;
"spotify:track:5QO79kh1waicV47BqGRL3g,""Save Your Tears"",""After Hours"",""The Weeknd"",2020-03-20,215626,88,true,,2022-04-16T20:14:05Z,"""",""Republic Records"",0.679,0.825,0,-5.487,1,0.0309,0.0212,0.0000121,0.543,0.644,118.049,4";;;;;;;;;
"spotify:track:29VdNzgJIxzlIDkIYjFQqS,""Life Letters"",""Life Letters"",""Never Get Used To People"",2018-12-07,148040,68,false,,2022-03-29T18:08:56Z,"""",""WHY Z MUSIC / A+"",0.441,0.692,10,-4.945,0,0.12,0.843,0.00000157,0.0981,0.417,92.304,4";;;;;;;;;
"spotify:track:3PqAnW2bB5TQnMoBivyFOb,""Are You That Somebody"",""I Care 4 U"",""Aaliyah"",2002-12-10,265666,1,false,,2022-03-28T18:11:08Z,""R&B,R&B contemporáneo"",""Blackground Records, LLC"",0.85,0.657,9,-7.078,0,0.166,0.14,0.0192,0.0939,0.843,137.971,4";;;;;;;;;
"spotify:track:6mz1fBdKATx6qP4oP1I65G,""Pony"",""R&B: From Doo-Wop To Hip-Hop"",""Ginuwine"",1999-10-08,251733,76,true,,2022-03-28T17:58:44Z,""R&B"",""Sony Music Entertainment"",0.749,0.605,8,-9.359,0,0.086,0.00186,0.0381,0.115,0.966,142.024,4";;;;;;;;;
"spotify:track:6QHXcb0eFwOKZOZ9bOFmxm,""Toxic Pony"",""Toxic Pony"",""ALTÉGO";Britney Spears;"Ginuwine"",2022-01-21,198041,66,false,,2022-03-28T17:58:07Z,""pop,R&B"",""Sony Music Entertainment"",0.775,0.652,0,-9.906,1,0.152,0.00757,0.000598,0.105,0.922,143.08,4";;;;;;;
"spotify:track:3uwnnTQcHM1rDqSfA4gQNz,""Cool for the Summer"",""Confident"",""Demi Lovato"",2015-01-01,214739,85,true,,2022-03-28T17:57:49Z,"""",""Hollywood Records"",0.583,0.61,5,-5.639,0,0.0382,0.00425,0.000105,0.14,0.336,114.06,4";;;;;;;;;
"spotify:track:0sTlGEld0h8kIPZaKDYUf4,""Notion"",""Notion"",""The Rare Occasions"",2021-12-02,195120,86,false,,2022-03-23T04:24:32Z,"""",""Elektra (NEK)"",0.309,0.883,9,-3.825,1,0.0808,0.0673,0.00111,0.0849,0.312,159.488,4";;;;;;;;;
"spotify:track:6Z8R6UsFuGXGtiIxiD8ISb,""Safe And Sound"",""In A Tidal Wave Of Mystery (Deluxe Edition)"",""Capital Cities"",2013,192789,14,false,,2022-03-23T04:23:24Z,"""",""Capital Cities"",0.655,0.819,0,-4.852,1,0.0316,0.000176,0.00374,0.104,0.766,117.956,5";;;;;;;;;
"spotify:track:6CDzDgIUqeDY5g8ujExx2f,""Heat Waves"",""Heat Waves"",""Glass Animals"",2020-06-29,238805,9,false,,2022-03-23T04:22:51Z,"""",""Polydor Records"",0.761,0.525,11,-6.9,1,0.0944,0.44,0.0000067,0.0921,0.531,80.87,4";;;;;;;;;
"spotify:track:2aI21FnmY7TJVKeMaoQZ0t,""Say It Right"",""Loose"",""Nelly Furtado"",2006-01-01,223080,86,false,,2022-03-23T04:22:23Z,"""",""Mosley / Geffen"",0.871,0.871,1,-6.328,1,0.139,0.0469,0.00114,0.0543,0.811,116.946,4";;;;;;;;;
"spotify:track:2GqCEJpzmD81AJ2H0Hyz5T,""Taca a Xereca pra Mim"",""Taca a Xereca pra Mim"",""MC Kaique da VP";"DJ SKYPE"",2021-07-30,260832,56,true,,2022-03-22T21:56:56Z,""funk brasileño,electro"",""Beco 062"",0.953,0.449,1,-7.409,1,0.061,0.0184,0,0.123,0.491,130.04,4";;;;;;;;
"spotify:track:0sIpBREqncLQGSU4kG8ARO,""I Think I Like It - Radio Edit"",""I Think I Like It"",""Fake Blood"",2018-10-27,183750,57,false,,2022-03-22T21:32:25Z,""electrónica"",""Blood Music"",0.68,0.823,4,-4.803,0,0.132,0.0869,0.0017,0.271,0.587,128.087,4";;;;;;;;;
"spotify:track:2LKOHdMsL0K9KwcPRlJK2v,""After Dark"",""Time"",""Mr.Kitty"",2014-10-06,259146,79,false,,2022-03-22T06:17:38Z,""witch house,darkwave"",""Negative Gain Productions"",0.585,0.595,8,-10.444,1,0.0328,0.0696,0.266,0.0837,0.039,140.037,4";;;;;;;;;
"spotify:track:5OUTFH5acycdnf8OVo21Gv,""Television / So Far So Good"",""Apricot Princess"",""Rex Orange County"",2017-04-26,262600,1,true,,2022-03-22T06:14:50Z,""bedroom pop"",""Rex Orange County"",0.405,0.505,5,-7.75,1,0.0458,0.592,0,0.121,0.318,164.971,4";;;;;;;;;
"spotify:track:2DgdHcjWmO3qd50RzuBLgZ,""House of Memories"",""Death of a Bachelor"",""Panic! At The Disco"",2016-01-15,208706,82,false,,2022-03-22T06:07:50Z,""emo"",""Decaydance/Fueled By Ramen"",0.506,0.817,11,-5.051,0,0.0335,0.00272,0,0.0486,0.506,109.952,4";;;;;;;;;
"spotify:track:0O45fw2L5vsWpdsOdXwNAR,""SexyBack (feat. Timbaland)"",""FutureSex/LoveSounds"",""Justin Timberlake";"Timbaland"",2006-09-12,242733,87,true,,2022-03-22T06:07:01Z,"""",""Jive"",0.967,0.583,7,-5.562,0,0.0789,0.0584,0,0.0519,0.964,117,4";;;;;;;;
"spotify:track:1ZdhOMWyFR8Iv9eylMGYg2,""Mount Everest"",""Imagination & the Misfit Kid"",""Labrinth"",2019-11-22,157497,80,true,,2022-03-22T06:03:12Z,"""",""Syco Music"",0.494,0.428,0,-7.239,0,0.205,0.236,0.0698,0.0816,0.44,87.724,4";;;;;;;;;
"spotify:track:1PnGpX9hnYZ4xEY5Ea0VPA,""Bang Bang - New Version"",""Troubadour (Champion Edition - Español Repackage)"",""K'NAAN";"Adam Levine"",2009,183413,58,false,,2022-03-22T06:01:25Z,"""",""Interscope Records*"",0.624,0.927,10,-1.816,0,0.174,0.0276,0.0000011,0.0145,0.765,180,4";;;;;;;;
"spotify:track:6Pgmqg15yVexuOgtzuxwoX,""Dancing in My Room"",""Dancing in My Room"",""347aidan"",2020-10-26,180138,68,true,,2022-03-22T06:01:09Z,"""",""Columbia"",0.98,0.413,8,-11.052,0,0.101,0.671,0.0000795,0.17,0.764,119.993,4";;;;;;;;;
"spotify:track:79nEEoEPY2w8EXj9hjn5oc,""Ginseng Strip 2002"",""Lavender"",""Yung Lean"",2013-08-16,153999,1,true,,2022-03-22T02:37:15Z,""cloud rap"",""YEAR0001"",0.601,0.712,1,-9.433,1,0.0431,0.0848,0,0.479,0.386,114.998,4";;;;;;;;;
"spotify:track:6lkIxqlCsnY3EW6ZobZbXi,""Drugs (feat. Two Feet)"",""Drugs (feat. Two Feet)"",""UPSAHL";"Two Feet"",2020-02-28,155853,53,false,,2022-03-22T02:33:28Z,"""",""Arista Records"",0.824,0.549,6,-3.9,0,0.226,0.373,0,0.0779,0.434,153.812,4";;;;;;;;
"spotify:track:4A2vjMnkAWgPVqwl3Xc7pu,""Bubble Pop Electric"",""Love. Angel. Music. Baby."",""Gwen Stefani";"Johnny Vulture"",2004-11-12,222360,74,false,,2022-03-22T02:16:08Z,"""",""Interscope"",0.567,0.976,1,-3.866,1,0.263,0.00052,0.00265,0.114,0.349,193.973,4";;;;;;;;
"spotify:track:6w1JyXgv5epQCZoc2MW5X4,""deep end"",""time machine"",""Fousheé"",2021-06-04,141409,50,true,,2022-03-22T01:57:19Z,""indie R&B"",""Trackmasters Entertainment/RCA Records"",0.701,0.569,9,-7.654,0,0.215,0.749,0,0.153,0.56,124.786,4";;;;;;;;;
"spotify:track:2RinFTTg8HtGSU3TPRzQoV,""SPINBACK WERK"",""SPINBACK WERK"",""279empirebeats"",2020-11-15,82546,0,true,,2022-03-22T01:53:06Z,"""",""Artist Genius Group"",0.733,0.504,2,-12.737,1,0.276,0.0558,0.0449,0.623,0.157,129.86,4";;;;;;;;;
"spotify:track:06ioYJ99HHjzRk8HrGfkKS,""Drugs"",""Drugs"",""UPSAHL"",2019-01-18,155866,60,false,,2022-03-22T01:48:22Z,"""",""Arista Records"",0.883,0.415,6,-8.571,0,0.174,0.35,0,0.063,0.318,76.986,4";;;;;;;;;
"spotify:track:4se25yP3bMpaMAlcxvyJ5Q,""Violin"",""Vanice"",""Cookiee Kawaii";"Dear Silas"",2021-07-30,109714,54,true,,2022-03-22T00:58:00Z,""jersey club,club de Baltimore,ballroom vogue"",""The Cookiee Jar / EMPIRE"",0.83,0.875,2,-4.212,1,0.094,0.0695,0.000877,0.117,0.675,139.9,4";;;;;;;;
"spotify:track:18V1UiYRvWYwn01CRDbbuR,""Home"",""Stop Stealing The Covers!"",""Edith Whiskers"",2020-11-13,197360,74,false,,2022-03-14T02:42:49Z,"""",""Tinpot Records"",0.72,0.197,2,-12.494,1,0.0361,0.981,0.00187,0.1,0.284,120.024,4";;;;;;;;;
"spotify:track:1zi7xx7UVEFkmKfv06H8x0,""One Dance"",""Views"",""Drake";Wizkid;"Kyla"",2016-05-06,173986,93,false,,2022-03-08T00:36:11Z,""rap,afrobeats,afrobeat,afropop,azonto,afroswing,afro R&B,afropiano"",""Cash Money Records/Young Money Ent./Universal Rec."",0.792,0.625,1,-5.609,1,0.0536,0.00776,0.0018,0.329,0.37,103.967,4";;;;;;;
"spotify:track:48QmG1dfvMuYLxMPt7KSRA,""No Lie"",""Mad Love The Prequel"",""Sean Paul";"Dua Lipa"",2018-06-29,221176,88,false,,2022-03-07T23:19:18Z,""dancehall,pop"",""Universal-Island Records Ltd."",0.742,0.882,7,-2.862,1,0.117,0.0466,0,0.206,0.463,102.04,4";;;;;;;;
"spotify:track:4xqrdfXkTW4T0RauPLv3WA,""Heather"",""Kid Krow"",""Conan Gray"",2020-03-20,198040,85,false,,2022-03-07T00:27:35Z,"""",""Republic Records"",0.357,0.425,5,-7.301,1,0.0333,0.584,0,0.322,0.27,102.078,3";;;;;;;;;
"spotify:track:7DcJ6fEBb7BaKuYKTwiDxK,""Homage"",""Skiptracing"",""Mild High Club"",2016-08-26,177493,75,false,,2022-03-07T00:07:14Z,""neopsicodélico"",""Stones Throw Records"",0.546,0.465,5,-8.167,1,0.0287,0.153,0.00259,0.321,0.415,73.369,4";;;;;;;;;
"spotify:track:2JSmxLqt8h7ZpJJkfuLJvK,""Stunnin' (feat. Harm Franklin)"",""Pity Party"",""Curtis Waters";"Harm Franklin"",2020-10-09,144000,0,true,,2022-03-07T00:04:09Z,"""",""BMG Rights Management (US) LLC"",0.885,0.685,11,-6.429,0,0.0627,0.33,0,0.148,0.937,99.954,4";;;;;;;;
"spotify:track:11ZulcYY4lowvcQm4oe3VJ,""Slumber Party (feat. Princess Nokia)"",""DEMIDEVIL"",""Ashnikko";"Princess Nokia"",2021-01-15,178404,73,true,,2022-03-07T00:01:50Z,"""",""Parlophone UK"",0.964,0.398,11,-8.981,0,0.0795,0.00151,0.0000395,0.101,0.563,105.012,4";;;;;;;;
"spotify:track:6FfLg6FFqhCsrFOaHIGkg0,""Honeypie"",""For Abby"",""JAWNY"",2020-10-27,135581,80,false,,2022-03-06T23:57:50Z,""bedroom pop"",""Johnny Utah LLC"",0.74,0.688,5,-4.361,0,0.0916,0.061,0,0.138,0.935,115.035,4";;;;;;;;;
"spotify:track:3WmgMoWZ1E5yNyn2aUzWAr,""BOYFREN"",""BOYFREN"",""LoveLeo"",2020-01-10,136955,50,false,,2022-03-06T23:44:13Z,"""",""Republic Records"",0.846,0.364,1,-7.328,1,0.0602,0.246,0.011,0.0902,0.682,79.927,4";;;;;;;;;
"spotify:track:59CfNbkERJ3NoTXDvoURjj,""Boyfriend"",""Boyfriend"",""Dove Cameron"",2022-02-11,153000,73,true,,2022-03-06T23:44:06Z,"""",""Disruptor Records/Columbia"",0.345,0.612,7,-6.543,0,0.0608,0.232,0,0.194,0.232,179.773,3";;;;;;;;;
"spotify:track:56rLW4cKE1A6ckp48OPhQS,""RICH BOY"",""RICH BOY"",""payton"",2021-12-10,111911,0,true,,2022-03-04T00:11:47Z,"""",""payton"",0.821,0.768,5,-8.153,1,0.0868,0.119,0.00000522,0.123,0.634,95.025,4";;;;;;;;;
"spotify:track:7rdIKBTAQm4nLlpA5E8DBI,""Shake"",""Shake"",""Ishowsped"",2021-11-24,156798,0,true,,2022-03-03T23:56:32Z,"""",""Ishowsped"",0.643,0.766,2,-6.736,1,0.398,0.0303,0,0.102,0.383,179.963,4";;;;;;;;;
"spotify:track:58HvfVOeJY7lUuCqF0m3ly,""MIDDLE OF THE NIGHT"",""MIDDLE OF THE NIGHT"",""Elley Duhé"",2020-01-10,184447,77,false,,2022-03-03T23:55:49Z,"""",""Not Fit For Society/RCA Records"",0.41,0.611,4,-8.271,0,0.0467,0.0228,0,0.116,0.0899,185.727,3";;;;;;;;;
"spotify:track:1n7omixiROWs5q6xpWiQuL,""Satisfaction - Isak Original Extended"",""Hypnotica (Benny Benassi Presents The Biz)"",""Benny Benassi";"The Biz"",2003-05-23,285570,71,false,,2022-03-03T23:54:43Z,""electro house"",""D:Vision"",0.793,0.698,11,-3.626,1,0.104,0.163,0.145,0.0745,0.339,130.017,4";;;;;;;;
"spotify:track:2cxCZ0HWt56JSIOcENy8IY,""Basta Boi - Tiktok Remix"",""Basta Boi (TikTok Remix)"",""Alfons"",2022-02-14,153750,0,false,,2022-03-03T23:54:18Z,""Melbourne bounce,epadunk"",""play & cue music a division of blue art event GmbH"",0.907,0.742,1,-4.025,1,0.09,0.0922,0.000324,0.227,0.68,127.988,4";;;;;;;;;
"spotify:track:15yuvKhcoEtV5KwKxqHSwa,""Burbujas de Cristal"",""Burbujas de Cristal"",""Cartel De Santa";"Millonario"",2019-12-16,224624,79,true,,2022-03-03T23:53:22Z,""hip hop mexicano,hip hop latino"",""Babilonia Music, S.A. De C.V."",0.783,0.75,1,-4.891,1,0.106,0.218,0,0.546,0.48,123.043,4";;;;;;;;
"spotify:track:4SqWKzw0CbA05TGszDgMlc,""I Love You So"",""I Love You So"",""The Walters"",2014-11-28,160239,88,false,,2022-03-03T23:52:41Z,"""",""Warner Records"",0.575,0.648,10,-4.891,1,0.0358,0.583,0,0.115,0.466,75.977,4";;;;;;;;;
"spotify:track:7EkWXAI1wn8Ii883ecd9xr,""Freaks"",""Freaks"",""Surf Curse"",2021-05-15,147062,87,false,,2022-03-03T23:51:48Z,""indie"",""Surf Curse"",0.345,0.941,9,-9.918,1,0.0466,0.0000384,0.633,0.0511,0.407,179.626,4";;;;;;;;;
"spotify:track:78kygHp1dvW1kncYjBgbe1,""Mujeriego"",""Mujeriego"",""Ryan Castro"",2021-12-17,142500,70,false,,2022-02-27T00:39:39Z,""reggaeton"",""Sony Music Entertainment"",0.758,0.621,9,-8.033,1,0.125,0.0628,0,0.0809,0.92,79.949,4";;;;;;;;;
"spotify:track:6YwLgicpvVuMt1eE2OldwQ,""Five More Hours"",""Five More Hours"",""Deorro";"Chris Brown"",2015-03-03,211975,70,false,,2022-02-27T00:33:50Z,""Melbourne bounce,electro house,R&B"",""Ultra Records, LLC"",0.699,0.883,5,-3.226,0,0.219,0.0288,0,0.817,0.499,127.961,4";;;;;;;;
"spotify:track:0RjG5JmdOWXAR68dGlKBA5,""Hidden In the Sand"",""Marvin's Marvelous Mechanical Museum"",""Tally Hall"",2005-10-24,112960,72,false,,2022-02-23T04:48:12Z,"""",""Tally Hall"",0.547,0.287,6,-12.28,1,0.149,0.514,0.774,0.119,0.177,120.792,4";;;;;;;;;
"spotify:track:2iUmqdfGZcHIhS3b9E9EWq,""Everybody Talks"",""Picture Show"",""Neon Trees"",2012-01-01,177280,83,true,,2022-02-23T04:29:22Z,"""",""Mercury Records"",0.471,0.924,8,-3.906,1,0.0584,0.00301,0,0.313,0.716,154.962,4";;;;;;;;;
"spotify:track:1jDMi92a9zNQuPD3uPMkla,""Fallen Down"",""UNDERTALE Soundtrack"",""Toby Fox"",2015-09-15,57818,68,false,,2022-02-23T04:24:05Z,""banda sonora"",""Materia Collective"",0.624,0.66,2,-12.779,1,0.0569,0.797,0.786,0.114,0.871,110.021,3";;;;;;;;;
"spotify:track:7wjmdC4OL3l1nh9zQwCpv8,""Curses"",""Foxlore"",""The Crane Wives"",2016-04-02,228853,0,false,,2022-02-23T04:19:42Z,"""",""The Crane Wives"",0.363,0.716,11,-6.823,0,0.111,0.482,0.00000506,0.0189,0.581,190.965,4";;;;;;;;;
"spotify:track:2gvmxusSOe3vNjNDjQWaso,""My Alcoholic Friends"",""Yes, Virginia"",""The Dresden Dolls"",2006-03-29,167680,76,false,,2022-02-23T04:16:06Z,"""",""Roadrunner Records"",0.596,0.679,4,-3.881,0,0.0324,0.18,0,0.0938,0.746,110.464,4";;;;;;;;;
"spotify:track:0HBrtXJohbIW4IhPZ50GmH,""The Bidding"",""Marvin's Marvelous Mechanical Museum"",""Tally Hall"",2005-10-24,160613,69,false,,2022-02-23T04:12:04Z,"""",""Tally Hall"",0.538,0.607,9,-5.261,0,0.216,0.248,0.00000554,0.0999,0.515,175.424,4";;;;;;;;;
"spotify:track:2gQPv5jvVPqU2a9HhMNO1v,""Toxic"",""Toxic"",""BoyWithUke"",2021-10-29,168020,64,false,,2022-01-24T01:42:52Z,"""",""Republic Records"",0.594,0.612,8,-6.627,0,0.363,0.835,0,0.461,0.687,179.629,4";;;;;;;;;
"spotify:track:6M4nkEPZMj58acftDRTuKL,""Tous les mêmes"",""racine carrée"",""Stromae"",2013-01-01,210933,75,false,,2022-01-24T01:42:42Z,""pop francés"",""Universal Music Distributed Labels"",0.701,0.638,5,-9.061,0,0.165,0.223,0.00219,0.279,0.646,109.96,4";;;;;;;;;
"spotify:track:0VzBKgimNRMauaqzT2rEnS,""Go Down Deh (feat. Sean Paul & Shaggy)"",""Go Down Deh (feat. Sean Paul & Shaggy)"",""Spice";Sean Paul;"Shaggy"",2021-04-30,154151,76,false,,2022-01-24T01:42:19Z,""dancehall,soca,shatta,ragga,reggae"",""VP Records"",0.801,0.764,2,-5.112,1,0.0987,0.109,0.0000162,0.247,0.578,89.998,4";;;;;;;
"spotify:track:5dg7bnBMVAEtXHkF4UZQlu,""Yo Quiero Bailar"",""Rompe La Discoteca"",""Ivy Queen"",2009-11-10,184466,61,false,,2022-01-19T20:49:26Z,""reggaeton"",""CdA Recordings"",0.736,0.848,5,-5.242,1,0.102,0.278,0,0.0854,0.69,94.959,4";;;;;;;;;
"spotify:track:3AN5LEspFZQdQUFUUqsDct,""Man Areas"",""The Gayest Of All Time"",""Jonny McGovern"",2012-02-09,196760,56,true,,2022-01-19T20:48:14Z,"""",""gaypimp"",0.858,0.829,1,-6.041,1,0.181,0.05,0,0.367,0.692,127.944,4";;;;;;;;;
"spotify:track:6wywJ7RutAY0JL7cMP7uFN,""Mirándote"",""Mirándote"",""Rvfv"",2019-06-18,135914,4,true,,2022-01-19T20:45:56Z,""flamenco urbano,flamenco"",""NASTU MUSIC distributed by Altafonte"",0.689,0.739,0,-5.566,1,0.112,0.236,0.000147,0.111,0.473,106.447,4";;;;;;;;;
"spotify:track:2OQZSV77RvduaJXLgHoF04,""Horangsuwolga(2021)"",""Horangsuwolga(2021)"",""Ujoo"",2021-06-25,287451,32,false,,2022-01-16T20:30:53Z,""balada de k-pop"",""StickyHouse Entertainment / Allthatpromotion"",0.662,0.579,11,-4.415,0,0.0276,0.705,0,0.126,0.501,103.867,4";;;;;;;;;
"spotify:track:0CAWevK0VMgjnUas8aARLd,""Night Flower"",""Night Flower OST"",""Ahn Ye Eun"",2021-08-28,264280,56,false,,2022-01-16T19:40:03Z,""balada de k-pop"",""JMG(LOCALHIGH RECORDS)"",0.501,0.5,10,-5.721,0,0.039,0.784,0,0.0998,0.224,169.791,3";;;;;;;;;
"spotify:track:142YjJNOuXjzeSDnB1ujw1,""Sua amiga deu"",""Sua amiga deu"",""MC Levin"",2019-05-17,178173,62,true,,2022-01-03T02:20:42Z,""funk brasileño,funk brega"",""WM Brazil"",0.947,0.556,7,-4.536,1,0.0736,0.277,0.00000543,0.208,0.426,130.046,4";;;;;;;;;
"spotify:track:6Q4foUefrAyCt8VxJFML56,""Olha A Explosão"",""Olha A Explosão"",""MC Kevinho"",2016-12-15,162053,76,false,,2022-01-03T02:18:16Z,""funk brasileño,funk pop"",""Olha A Explosao PS"",0.778,0.635,6,-2.892,1,0.112,0.107,0,0.0608,0.379,90.008,4";;;;;;;;;
"spotify:track:03VKFsfbC2WPmCMDt1Ueke,""Sua Amiga Deu - Brega Funk"",""Sua Amiga Deu (Brega Funk)"",""GS O Rei do Beat";"MC Levin"",2021-09-18,132256,0,true,,2022-01-03T02:17:35Z,""funk brega,brega,funk brasileño"",""Drika Maximos Music"",0.819,0.756,7,-3.428,0,0.0787,0.486,0.205,0.247,0.861,149.809,4";;;;;;;;
"spotify:track:6nef87NAKR2Au5YCCfnIi9,""Passarinho Que Som É Esse"",""Passarinho Que Som É Esse"",""DJ TOPO";Mc Cyclope;"MC PR"",2021-08-06,148615,40,true,,2022-01-03T02:16:24Z,""funk brasileño,funk de Belo Horizonte,funk carioca,phonk,funk brega,phonk brasileño"",""DJ TOPO"",0.889,0.78,5,-5.208,1,0.14,0.538,0.00344,0.088,0.82,130.042,4";;;;;;;
"spotify:track:5fghgRsc8a3pSDXtjQ238F,""Trakatá"",""Trakatá"",""Ptazeta";FARIANA;"Juacko"",2021-03-11,178064,56,false,,2022-01-03T02:09:49Z,""dembow,urbano latino"",""Sony Music Entertainment"",0.906,0.626,5,-5.533,1,0.254,0.127,0.00000656,0.0546,0.561,93.03,4";;;;;;;
"spotify:track:33zcmmElV1YbRZe57biUjg,""Celoso"",""Celoso"",""Lele Pons"",2018-08-17,179693,71,false,,2022-01-03T02:06:39Z,"""",""10:22 PM / UMLE"",0.746,0.703,4,-4.179,0,0.107,0.352,0,0.331,0.667,166.044,4";;;;;;;;;
"spotify:track:7iOSnpIeMBTtOCpc16hRmS,""HDBG"",""HDBG"",""Tweeday"",2021-12-07,130052,0,true,,2022-01-03T02:05:53Z,""bounce de Nueva Orleans"",""RBE Global Music Group"",0.894,0.78,2,-10.381,1,0.309,0.054,0,0.656,0.878,80.049,4";;;;;;;;;
"spotify:track:0R97k5AJy1udJI6mGV82FJ,""Dirty Mind"",""Dirty Mind"",""3OH!3"",2011-12-20,197601,68,true,,2022-01-03T02:03:43Z,"""",""Photo Finish Records ADA Distributed"",0.642,0.861,4,-3.837,1,0.294,0.0318,0,0.23,0.582,92.912,4";;;;;;;;;
"spotify:track:37y7iDayfwm3WXn5BiAoRk,""Dark Red"",""Dark Red"",""Steve Lacy"",2017-02-20,173104,4,false,,2021-12-26T00:32:16Z,"""",""Three Quarter"",0.603,0.783,6,-4.023,1,0.062,0.449,0.00000796,0.119,0.775,172.041,4";;;;;;;;;
"spotify:track:1Xi84slp6FryDSCbzq4UCD,""Arcade"",""Arcade"",""Duncan Laurence"",2019-03-07,183624,77,false,,2021-12-26T00:31:33Z,"""",""Universal Music B.V."",0.459,0.331,9,-12.603,0,0.0421,0.817,0.00104,0.135,0.271,72.023,3";;;;;;;;;
"spotify:track:7i4hAFqaMcw12ITAKtLyQb,""Ylang Ylang"",""Ylang Ylang EP"",""FKJ";"((( O )))"",2019-11-12,213000,0,false,,2021-12-26T00:31:09Z,"""",""FKJ"",0.559,0.243,1,-12.453,1,0.0325,0.925,0.936,0.108,0.161,69.93,4";;;;;;;;
"spotify:track:2ILAf3iuHdrhsNq6J77G6T,""Waltz No. 10 In B Minor, Op. 69 No. 2"",""Chopin mélancolie"",""Frédéric Chopin";"Bruno Rigutto"",2021-10-17,237466,0,false,,2021-10-28T20:41:31Z,""piano clásico,música clásica"",""UME - Global Clearing House"",0.386,0.0261,11,-27.437,0,0.043,0.995,0.91,0.0741,0.119,67.259,3";;;;;;;;
"spotify:track:6CxUqoJk0SWGB5kiEtRHxN,""Fantaisie-impromptu in C-Sharp Minor, Op. 66"",""Chopin mélancolie"",""Frédéric Chopin";"Milosz Magin"",2021-10-17,307608,0,false,,2021-10-19T03:50:28Z,""piano clásico,música clásica"",""UME - Global Clearing House"",0.187,0.137,1,-19.779,1,0.035,0.989,0.897,0.0837,0.138,84.103,4";;;;;;;;
"spotify:track:1yvqnZc7RjuPyvvfblg9sv,""Fairy Fountain"",""Fairy Fountain"",""Amy Turk"",2019-06-01,89609,48,false,,2021-10-15T23:29:29Z,"""",""630867 Records DK"",0.563,0.403,5,-15.298,1,0.0584,0.975,0.9,0.0886,0.926,79.961,4";;;;;;;;;
"spotify:track:58zsLZPvfflaiIbNWoA22O,""Human"",""Human (Deluxe)"",""Rag'n'Bone Man"",2017-02-10,200192,81,false,,2021-10-14T15:29:17Z,"""",""Best Laid Plans/Columbia"",0.602,0.707,9,-4.097,1,0.302,0.393,0,0.165,0.554,75.087,4";;;;;;;;;
"spotify:track:0ZQon6cdXbvGbKtwJD078c,""I'm Gonna Do My Thing"",""Royal Deluxe"",""Royal Deluxe"",2015-02-10,189500,0,false,,2021-10-14T15:13:11Z,"""",""Position Music"",0.551,0.569,2,-5.468,1,0.0339,0.0282,0.0000142,0.134,0.384,85.067,4";;;;;;;;;
"spotify:track:0Tr5G2mE56eLUGvCaXRM8I,""No Good"",""A/B"",""KALEO"",2016-06-10,234240,70,false,,2021-10-14T15:07:49Z,"""",""Elektra (NEK)"",0.378,0.925,9,-3.781,1,0.185,0.0234,0.00062,0.18,0.584,108.525,4";;;;;;;;;
"spotify:track:1kmbMgdH81XirPnEuGQ2by,""The River"",""Dark Country 4"",""Blues Saraceno"",2019-06-05,215699,0,false,,2021-10-14T15:00:30Z,""gótico sureño,blues rock,country rock,country blues"",""Extreme Music"",0.554,0.437,11,-8.187,0,0.0388,0.0526,0.00241,0.241,0.37,73.994,4";;;;;;;;;
"spotify:track:1V8fHRK9qQeQqZWWfz9oNU,""The Mystic"",""The Mystic"",""Adam Jensen"",2016-11-04,189600,0,false,,2021-10-14T14:57:13Z,"""",""Adam Jensen Music, LLC."",0.557,0.721,4,-5.134,0,0.0416,0.356,0,0.146,0.392,125.324,4";;;;;;;;;
"spotify:track:0y1QJc3SJVPKJ1OvFmFqe6,""Way down We Go"",""A/B"",""KALEO"",2016-06-10,213706,84,false,,2021-10-14T14:52:54Z,"""",""Elektra (NEK)"",0.489,0.505,10,-8.022,0,0.117,0.579,0.000333,0.104,0.337,163.255,4";;;;;;;;;
"spotify:track:2rzWSywjwzbysCmdOzssFR,""Fairytale"",""Fairytale"",""Alexander Rybak"",2009,182640,1,false,,2021-10-13T23:30:42Z,"""",""Cobalt Music - Helladisc S.A. (GR)"",0.576,0.785,2,-5.359,0,0.0295,0.62,0.0000426,0.233,0.674,107.996,4";;;;;;;;;
"spotify:track:2oLjhx7w8Hyd3gry9cCXr7,""21 Hungarian Dances, WoO 1: Hungarian Dance No. 5 in G Minor. Allegro (Orch. Schmeling)"",""Brahms: 21 Hungarian Dances"",""Johannes Brahms";Wiener Philharmoniker;"Claudio Abbado"",1984-01-01,138706,65,false,,2021-10-08T04:59:51Z,""música clásica,piano clásico,música de cámara,música orquestal,ópera,concierto,impresionismo,expresionismo"",""Deutsche Grammophon (DG)"",0.358,0.167,7,-16,0,0.0354,0.899,0.96,0.103,0.6,144.601,4";;;;;;;
"spotify:track:2OQzVmgl8WoNEYDdOLSEOf,""Piano Sonata No. 14 in C-Sharp Minor, Op. 27 No. 2 """"Moonlight Sonata"""": III. Presto agitato"",""Beethoven: The Piano Sonatas"",""Ludwig van Beethoven";"Daniel Barenboim"",1984-01-01,461400,45,false,,2021-10-08T04:51:30Z,""música clásica,piano clásico,música de cámara,impresionismo,ópera"",""Deutsche Grammophon (DG)"",0.287,0.0855,6,-24.19,0,0.0481,0.992,0.888,0.105,0.114,156.795,4";;;;;;;;
"spotify:track:4UAJf6d48Q6dBzgbC5pjya,""Nocturne in C Sharp"",""Classic"",""Frédéric Chopin";Robin Smith;HAUSER;London Symphony Orchestra;"Robert Ziegler"",2020-02-07,273493,54,false,,2021-10-08T04:25:22Z,""piano clásico,música clásica,clásico para todos los gustos,música orquestal,ballet,ópera"",""Sony Classical"",0.261,0.279,6,-13.137,0,0.0462,0.975,0.838,0.156,0.0619,87.478,3";;;;;
"spotify:track:0bcGY7mfG10QfeaDbz97hC,""Nocturne in C-sharp minor, B. 49"",""Chopin: Complete Nocturnes"",""Frédéric Chopin";"Brigitte Engerer"",2010-06-22,239973,59,false,,2021-10-08T02:51:24Z,""piano clásico,música clásica"",""harmonia mundi"",0.277,0.00397,6,-31.601,0,0.0431,0.992,0.9,0.0763,0.194,72.111,4";;;;;;;;
"spotify:track:1UvaZaHkh3D9AkmBrrnbFg,""Lacrimosa"",""Requiem - Music To Die For"",""Wolfgang Amadeus Mozart";Lisa Beckley;Elena Filipova;Magdaléna Hajóssyová;Peter Mikulas;Michel Piquemal;Gloria Scalchi;Michel Piquemal Vocal Ensemble;Hungarian State Opera Chorus;"Oxford Schola Cantorum"",1999-04-26,205493,1,false,,2021-10-08T01:15:41Z,""música clásica,piano clásico,ópera,música de cámara,concierto,coral,música antigua"",""Naxos"",0.0847,0.0856,2,-24.716,0,0.0405,0.964,0.592,0.289,0.0764,84.245,4"
"spotify:track:7rU6Iebxzlvqy5t857bKFq,""Plastic Love"",""Expressions"",""Mariya Takeuchi"",2008-05-21,294493,68,false,,2021-10-08T01:13:46Z,""city pop,kayokyoku,j-pop"",""WM Japan"",0.648,0.875,2,-5.141,0,0.034,0.0747,0.0000964,0.196,0.857,102.517,4";;;;;;;;;
"spotify:track:2BHj31ufdEqVK5CkYDp9mA,""Mayonaka no Door / Stay With Me"",""Miki Matsubara Best Collection"",""Miki Matsubara"",2008,312293,35,false,,2021-10-08T01:13:09Z,""city pop,j-pop"",""PONY CANYON INC."",0.658,0.747,5,-6.615,1,0.0431,0.176,0.00000849,0.0789,0.792,108.259,4";;;;;;;;;
"spotify:track:3JGQzPasEnHM4VAegdJ2wa,""Flyday Chinatown"",""Flyday Chinatown"",""MerryGo"",2021-07-18,205125,0,false,,2021-10-08T01:10:43Z,"""",""3183030 Records DK"",0.647,0.582,1,-12.794,1,0.047,0.185,0.0000134,0.225,0.76,123.29,4";;;;;;;;;
"spotify:track:1gzfZbV1tOisXdHCOfBcke,""Rondando Tu Esquina"",""Lo Mejor de Julio Jaramillo"",""Julio Jaramillo"",2016-01-06,158353,0,false,,2021-10-03T21:18:07Z,""bolero,música colombiana popular,ranchera"",""Julio Jaramillo (AB)"",0.879,0.302,3,-17.687,0,0.05,0.884,0,0.286,0.779,109.329,4";;;;;;;;;
"spotify:track:0D337qdSUzMPXmrW20Mn5L,""Reminiscencias"",""El Ruiseñor de America"",""Julio Jaramillo"",1989-02-08,134880,0,false,,2021-10-03T21:16:37Z,""bolero,música colombiana popular,ranchera"",""Magenta"",0.757,0.418,7,-8.278,0,0.0492,0.59,0.0000046,0.198,0.729,79.338,3";;;;;;;;;
"spotify:track:1CmUZGtH29Kx36C1Hleqlz,""Thrift Shop (feat. Wanz)"",""Thrift Shop (feat. Wanz)"",""Macklemore & Ryan Lewis";Macklemore;Ryan Lewis;"Wanz"",2013-01-14,235613,69,true,,2021-10-03T00:45:41Z,""g-funk,West Coast hip hop"",""Macklemore"",0.781,0.526,6,-6.985,0,0.293,0.0619,0,0.0457,0.662,94.992,4";;;;;;
"spotify:track:6ic8OlLUNEATToEFU3xmaH,""Gimme More"",""Blackout"",""Britney Spears"",2007-10-25,251244,87,true,,2021-10-03T00:44:09Z,""pop"",""Jive"",0.788,0.844,2,-3.131,1,0.0334,0.25,0.000678,0.0723,0.382,113.324,4";;;;;;;;;
"spotify:track:3vkQ5DAB1qQMYO4Mr9zJN6,""Gimme! Gimme! Gimme! (A Man After Midnight)"",""Voulez-Vous"",""ABBA"",1979,292613,85,false,,2021-10-03T00:44:00Z,"""",""Polar Music International AB"",0.749,0.491,10,-9.655,1,0.0403,0.02,0.00899,0.159,0.536,119.528,4";;;;;;;;;
"spotify:track:3Dv1eDb0MEgF93GpLXlucZ,""Say So"",""Hot Pink"",""Doja Cat"",2019-11-07,237894,81,true,,2021-10-03T00:42:30Z,"""",""Kemosabe Records/RCA Records"",0.787,0.673,11,-4.583,0,0.159,0.264,0.00000335,0.0904,0.779,110.962,4";;;;;;;;;
"spotify:track:78qd8dvwea0Gosb6Fe6j3k,""Boss Bitch"",""Boss Bitch"",""Doja Cat"",2020-01-23,134239,77,true,,2021-10-03T00:42:25Z,"""",""Atlantic Records"",0.707,0.955,10,-4.593,0,0.222,0.127,0,0.202,0.575,125.989,4";;;;;;;;;
"spotify:track:0W6I02J9xcqK8MtSeosEXb,""Get Into It (Yuh)"",""Planet Her"",""Doja Cat"",2021-06-25,138293,73,true,,2021-10-03T00:42:18Z,"""",""Kemosabe Records/RCA Records"",0.912,0.655,8,-6.029,0,0.162,0.315,0.0000339,0.0894,0.793,91.942,4";;;;;;;;;
"spotify:track:748mdHapucXQri7IAO8yFK,""Kiss Me More (feat. SZA)"",""Kiss Me More (feat. SZA)"",""Doja Cat";"SZA"",2021-04-09,208866,9,true,,2021-10-03T00:42:12Z,""R&B"",""Kemosabe Records/RCA Records"",0.762,0.701,8,-3.541,1,0.0286,0.235,0.000158,0.123,0.742,110.968,4";;;;;;;;
"spotify:track:3Vi5XqYrmQgOYBajMWSvCi,""Need to Know"",""Planet Her"",""Doja Cat"",2021-06-25,210560,81,true,,2021-10-03T00:42:11Z,"""",""Kemosabe Records/RCA Records"",0.664,0.609,1,-6.509,1,0.0707,0.304,0,0.0926,0.194,130.041,4";;;;;;;;;
"spotify:track:6Uj1ctrBOjOas8xZXGqKk4,""Woman"",""Planet Her"",""Doja Cat"",2021-06-25,172626,86,true,,2021-10-03T00:42:06Z,"""",""Kemosabe Records/RCA Records"",0.824,0.764,5,-4.175,0,0.0854,0.0888,0.00294,0.117,0.881,107.998,4";;;;;;;;;
"spotify:track:776AftMmFFAWUIEAb3lHhw,""ZITTI E BUONI"",""Teatro d'ira - Vol. I"",""Måneskin"",2021-03-19,194786,75,true,,2021-10-03T00:41:19Z,"""",""RCA Records Label"",0.625,0.939,4,-3.115,0,0.0669,0.00138,0,0.424,0.644,102.999,4";;;;;;;;;
"spotify:track:7HMz8o0m7ASQ3ImFPfhWTY,""CORALINE"",""Teatro d'ira - Vol. I"",""Måneskin"",2021-03-19,300413,72,false,,2021-10-03T00:41:18Z,"""",""RCA Records Label"",0.363,0.678,2,-4.939,0,0.0995,0.0299,0,0.324,0.321,162.124,4";;;;;;;;;
"spotify:track:4pt5fDVTg5GhEvEtlz9dKk,""I WANNA BE YOUR SLAVE"",""Teatro d'ira - Vol. I"",""Måneskin"",2021-03-19,173346,86,true,,2021-10-03T00:41:14Z,"""",""RCA Records Label"",0.75,0.608,1,-4.008,1,0.0387,0.00165,0,0.178,0.958,132.507,4";;;;;;;;;
"spotify:track:7hU3IHwjX150XLoTVmjD0q,""MONEY"",""LALISA"",""LISA"",2021-09-10,168227,75,true,,2021-10-03T00:41:05Z,""k-pop"",""YG Entertainment/Interscope Records"",0.831,0.554,1,-9.998,0,0.218,0.161,0.0000612,0.152,0.396,140.026,4";;;;;;;;;
"spotify:track:4UAjqa7Y29d5EZYGalCOop,""El Camino de la Vida"",""El Camino de la Vida"",""El Trío América"",2017-07-15,211999,56,false,,2021-09-04T16:42:10Z,""bolero"",""Colmusica s.a.s."",0.689,0.517,11,-6.585,0,0.136,0.453,0.00000105,0.123,0.809,142.537,3";;;;;;;;;
"spotify:track:67BtfxlNbhBmCDR2L2l8qd,""MONTERO (Call Me By Your Name)"",""MONTERO (Call Me By Your Name)"",""Lil Nas X"",2021-03-31,137875,73,true,,2021-06-27T18:06:59Z,"""",""Columbia"",0.61,0.508,8,-6.682,0,0.152,0.297,0,0.384,0.758,178.818,4";;;;;;;;;
"spotify:track:75SmDAC4Uo2KG0iauNVemy,""Dick (feat. Doja Cat) - L.Dre Remix"",""Dick (Remixes) (feat. Doja Cat)"",""StarBoi3";Doja Cat;"L.Dre"",2021-05-28,171130,26,true,,2021-06-16T15:50:23Z,""lo-fi"",""Not specified"",0.779,0.954,5,-3.783,1,0.202,0.0284,0.000132,0.371,0.751,115.059,4";;;;;;;
"spotify:track:3nY8AqaMNNHHLYV4380ol0,""Dick (feat. Doja Cat)"",""Dick (feat. Doja Cat)"",""StarBoi3";"Doja Cat"",2021-04-23,175238,67,true,,2021-06-16T15:45:09Z,"""",""Not specified"",0.647,0.608,9,-6.831,1,0.42,0.13,0,0.0584,0.474,125.994,4";;;;;;;;
"spotify:track:5ZK47fhobvpdrDfspH5ewU,""Gambino (Sangre y Alma / Toni y Carlo)"",""Gambino (Sangre y Alma / Toni y Carlo)"",""Abel Jared";"JazzGoes"",2021-04-30,228615,17,true,,2021-06-13T18:26:08Z,"""",""Abel Jared"",0.844,0.685,5,-6.415,0,0.0952,0.0244,0,0.0939,0.851,92.011,4";;;;;;;;
"spotify:track:5H3B1WtZYGmyOYOXgQltKU,""Under The Influence"",""The Marshall Mathers LP"",""Eminem";"D12"",2000-05-23,321666,65,true,,2021-06-12T14:17:36Z,""rap,hip hop"",""Eminem Catalog PS"",0.921,0.752,6,-4.32,1,0.27,0.0174,0,0.135,0.705,96.985,4";;;;;;;;
"spotify:track:0M3gfocW6UgqUS9XaobkNB,""Sabor a Mi"",""Todos Los Romances"",""Luis Miguel"",1998-08-11,185040,50,false,,2021-06-11T04:14:43Z,""mariachi,bolero,pop latino,ranchera,villancicos"",""WM Mexico"",0.669,0.57,10,-6.975,1,0.0274,0.641,0,0.102,0.531,90.002,4";;;;;;;;;
"spotify:track:0mIBr5Hvy96H5LaRnSi1iS,""Hazme una Señal - Gimme Little Sign"",""Lo Mejor De Lo Mejor De RCA Victor"",""Roberto Jordan"",2000-12-01,142800,49,false,,2021-06-11T04:11:31Z,"""",""RCA Records Label"",0.784,0.666,0,-6.211,1,0.0401,0.0789,0,0.307,0.767,123.967,4";;;;;;;;;
"spotify:track:12YpnS0Asdp8lJMQlvSJty,""Lantern Room"",""Lantern Room"",""Torii Wolf"",2021-03-12,269621,24,false,,2021-06-07T20:22:40Z,"""",""Epidemic Sound"",0.539,0.391,7,-7.289,0,0.0364,0.594,0.0318,0.148,0.0839,80.008,4";;;;;;;;;
"spotify:track:28jHD8xBLnN8esbroQ6zz8,""Let's Get It Started"",""Summer Party"",""Black Eyed Peas"",2007-01-01,227880,59,false,,2021-06-06T00:47:03Z,"""",""Universal Music Group International"",0.78,0.723,11,-5.564,0,0.106,0.102,0,0.162,0.764,104.974,4";;;;;;;;;
"spotify:track:5eerk4zY2bVGdsiIXwvWOS,""Boys"",""Hit Mix"",""Lizzo"",2021-05-28,172630,0,false,,2021-05-29T15:10:58Z,"""",""Warner Music Group - X5 Music Group"",0.89,0.589,6,-4.281,0,0.119,0.00317,0.000154,0.0487,0.748,120.029,4";;;;;;;;;
"spotify:track:5hqqMWezJhcOgz5B8JOWog,""Toca Toca - Radio Edit"",""Super Estate Latina 2014"",""Fly Project"",2014-01-01,165355,0,false,,2021-05-28T16:57:37Z,""europop"",""New Music Group"",0.903,0.643,10,-3.491,0,0.0884,0.0181,0.000028,0.0339,0.925,125.984,4";;;;;;;;;
"spotify:track:2ZAOEPkOeZTGsjGHWyCThc,""Cola Song (feat. J Balvin)"",""Cola Song (feat. J Balvin)"",""INNA";"J Balvin"",2014-04-15,198245,68,false,,2021-05-28T16:47:28Z,""europop,reggaeton,Música latina"",""Atlantic Records"",0.793,0.896,7,-3.072,1,0.0417,0.0136,0.0000108,0.105,0.842,125.063,4";;;;;;;;
"spotify:track:51y7XfTvtg5ijWxedgLBEl,""Paradise"",""Paradise"",""Alban Chela";"Britt"",2020-12-17,155912,0,false,,2021-05-25T22:58:49Z,""drift phonk,phonk,slap house,deep house"",""Magic Records"",0.659,0.687,10,-6.85,0,0.0284,0.146,0.0000102,0.318,0.438,124.003,4";;;;;;;;
"spotify:track:3fnUvzulzK4SZGl5o1hgqx,""True Survivor - From """"Kung Fury"""""",""True Survivor (From """"Kung Fury"""")"",""David Hasselhoff"",2015-04-16,220177,49,false,,2021-05-19T01:59:24Z,"""",""Universal Music AB"",0.649,0.972,4,-4.95,1,0.0854,0.0344,0,0.0833,0.316,149.066,4";;;;;;;;;
"spotify:track:15TIIvkSqJAYTiNcE86Cgx,""Caribbean Queen"",""Hscc 4"",""Hindley Street Country Club"",2021-02-03,301579,0,false,,2021-05-19T01:58:49Z,"""",""Hindley Street Country Club"",0.7,0.66,10,-9.691,1,0.0329,0.0162,0.0000998,0.0969,0.87,113.277,4";;;;;;;;;
"spotify:track:5zWOZ9upQkrFL5lfZ8GPCh,""Lucky Boy - Outlines Remix"",""Lucky Boy At Night"",""DJ Mehdi";"Outlines"",2007,266480,45,false,,2021-05-19T01:57:29Z,""house francés"",""Ed Banger Records"",0.819,0.694,7,-6.05,0,0.0673,0.711,0.00027,0.106,0.206,138.931,4";;;;;;;;
"spotify:track:5zBr7blX5XFcICjFKMNx4Q,""Nuclear"",""Man On The Rocks (Deluxe Edition)"",""Mike Oldfield"",2014-01-01,303986,0,false,,2021-05-18T00:04:32Z,""rock progresivo,new age"",""Universal Music Group"",0.408,0.527,5,-6.338,0,0.0299,0.0369,0.000324,0.125,0.295,135.181,4";;;;;;;;;
"spotify:track:10qbHF920zH5K8C8IcE5AL,""Turbo Killer"",""TRILOGY"",""Carpenter Brut"",2015,208972,58,false,,2021-05-17T23:36:28Z,""synthwave,darkwave"",""Universal Music Division Virgin Records Distribution Deal"",0.312,0.755,5,-1.673,0,0.067,0.0000672,0.076,0.272,0.288,147.162,4";;;;;;;;;
"spotify:track:5lRzWDEe7UuedU2QPsFg0K,""The Funeral"",""Everything All The Time"",""Band of Horses"",2006-03-21,322173,73,false,,2021-05-15T14:28:03Z,"""",""Sub Pop Records"",0.319,0.757,0,-6.117,0,0.0432,0.016,0,0.102,0.101,122.465,4";;;;;;;;;
"spotify:track:6ugrRFZUNIpLiqhLUgC7ix,""Flowers"",""Vibes 3"",""The Deli"",2016-02-26,187828,50,false,,2021-05-14T16:07:45Z,""lo-fi,hip hop lo-fi,lo-fi beats"",""Cold Busted"",0.838,0.364,7,-10.006,1,0.134,0.0849,0.981,0.26,0.218,79.987,4";;;;;;;;;
"spotify:track:0GGmdxjPjZ5lZJb6bKdLg0,""Más Y Más"",""Más Y Más / On & On"",""Cartoon";"Daniel Levi"",2019-12-31,207000,0,false,,2021-05-12T20:39:08Z,"""",""NCS"",0.439,0.712,11,-5.118,1,0.0454,0.0403,0.00000751,0.131,0.377,173.997,4";;;;;;;;
"spotify:track:0VjIjW4GlUZAMYd2vXMi3b,""Blinding Lights"",""After Hours"",""The Weeknd"",2020-03-20,200040,91,false,,2021-05-10T21:10:10Z,"""",""Republic Records"",0.513,0.73,1,-5.94,1,0.0598,0.00143,0.0000954,0.0897,0.334,171.001,4";;;;;;;;;
"spotify:track:59q31baYiGMndSq261KEkq,""End of the Night (feat. Doubleboy)"",""End of the Night"",""Robert Parker";"Doubleboy"",2018-04-27,236311,44,false,,2021-05-10T05:28:34Z,""synthwave,vaporwave"",""NRW Records, under exclusive license to NewRetroWave, LLC"",0.667,0.825,5,-4.771,0,0.0555,0.0114,0.00000402,0.13,0.618,130.016,4";;;;;;;;
"spotify:track:6k2900NjJeVqZM55G3Danu,""Bum Bum Tam Tam"",""Bum Bum Tam Tam"",""MC Fioti";Future;J Balvin;Stefflon Don;"Juan Magán"",2017-12-15,213988,69,true,,2021-05-09T18:46:46Z,""funk brasileño,rap,reggaeton,Música latina,dancehall"",""Universal-Island Records Ltd."",0.896,0.675,1,-3.908,1,0.124,0.346,0.00000811,0.262,0.659,131.999,4";;;;;
"spotify:track:4kLLWz7srcuLKA7Et40PQR,""I Gotta Feeling"",""THE E.N.D. (THE ENERGY NEVER DIES) [Deluxe Version]"",""Black Eyed Peas"",2009-01-01,289133,86,false,,2021-05-08T14:32:03Z,"""",""Interscope"",0.744,0.766,0,-6.375,1,0.0265,0.0873,0,0.509,0.61,127.966,4";;;;;;;;;
"spotify:track:52LJ3hyknOijCrE5gCD0rE,""L'Amour Toujours"",""L'Amour Toujours"",""Gigi D'Agostino"",2001-05-23,242053,80,false,,2021-04-28T20:54:29Z,""dance italiano,eurodance"",""ZYX Music"",0.638,0.877,7,-4.449,1,0.0302,0.0771,0.0221,0.364,0.743,139.052,4";;;;;;;;;
"spotify:track:1V2MT0QZbqNUUr2fmSxSFE,""Dance Til Your Dead"",""Dance Til Your Dead"",""Lil Memer"",2018-11-27,75464,0,false,,2021-04-26T13:01:32Z,"""",""Lil Memer"",0.632,0.51,1,-16.266,1,0.357,0.00129,0.345,0.051,0.919,155.072,4";;;;;;;;;
"spotify:track:7GbUWl6qLW1gdngbEV2WDJ,""Monster"",""EX'ACT"",""EXO"",2016-06-09,221341,71,false,,2021-04-25T18:34:19Z,""k-pop"",""SM Entertainment"",0.618,0.76,6,-4.312,1,0.0596,0.0066,0,0.127,0.541,150,4";;;;;;;;;
"spotify:track:0yB4jrSwN0bFtFRDR5vyMj,""Love Shot"",""LOVE SHOT– The 5th Album Repackage"",""EXO"",2018-12-13,200306,75,false,,2021-04-25T18:34:17Z,""k-pop"",""SM Entertainment"",0.689,0.678,5,-4.287,0,0.119,0.0702,0,0.0889,0.335,145.883,4";;;;;;;;;
"spotify:track:4Is1b37KJY9XVCgzp81FBW,""BAAM"",""Fun to The World"",""MOMOLAND"",2018-06-26,208474,60,false,,2021-04-25T18:34:14Z,""k-pop"",""MLD ENTERTAINMENT, Kakao Entertainment"",0.725,0.94,5,-2.32,0,0.0435,0.115,0.00431,0.0864,0.905,127.051,4";;;;;;;;;
"spotify:track:5mpWGq83n0sIgGRopGk5QZ,""Wrap Me In Plastic"",""Wrap Me In Plastic"",""MOMOLAND";"CHROMANCE"",2021-02-05,193286,60,false,,2021-04-25T18:34:13Z,""k-pop"",""Columbia/B1 Recordings"",0.821,0.602,5,-2.916,0,0.0907,0.286,0,0.0862,0.776,179.932,4";;;;;;;;
"spotify:track:3BPoSr2pO34Aan6alFfVto,""BBoom BBoom"",""GREAT!"",""MOMOLAND"",2018-01-03,208863,66,false,,2021-04-25T18:34:11Z,""k-pop"",""DUBLEKICK COMPANY, Kakao Entertainment"",0.785,0.744,3,-4.249,0,0.0369,0.0149,0.00666,0.0661,0.833,126.018,4";;;;;;;;;
"spotify:track:5iIpbD34k4wnuRMZDNnuWf,""I'm Not Cool"",""I'm Not Cool"",""HyunA"",2021-01-28,174173,55,false,,2021-04-25T00:53:19Z,""k-pop"",""P NATION"",0.883,0.845,11,-2.069,1,0.0585,0.0161,0.00157,0.29,0.656,116.004,4";;;;;;;;;
"spotify:track:4BZhUnXvXYRQJPClr0hhIC,""MIROTIC"",""MIROTIC - The 4th Album"",""TVXQ!";"YOO YOUNG JIN"",2008-09-26,208466,62,false,,2021-04-25T00:38:00Z,""k-pop"",""SM Entertainment"",0.722,0.784,1,-2.411,0,0.0408,0.049,0,0.0895,0.705,99.985,4";;;;;;;;
"spotify:track:1R6qeTvAvaxB7hydIYVIY8,""Okey Dokey"",""Show Me the Money 4 Episode 6"",""MINO";"ZICO"",2015-08-29,248202,63,false,,2021-04-25T00:31:11Z,""k-rap,k-pop"",""Genie Music Corporation"",0.828,0.61,1,-4.23,1,0.0528,0.00544,0,0.158,0.311,126.011,4";;;;;;;;
"spotify:track:4WuKHgxdCJsaOBIh7yndty,""MIROH"",""Clé 1 : MIROH"",""Stray Kids"",2019-03-25,207617,1,false,,2021-04-23T14:39:25Z,""k-pop,ruido"",""JYP Entertainment"",0.563,0.979,9,-3.104,1,0.104,0.00911,0,0.249,0.503,126.063,4";;;;;;;;;
"spotify:track:1v1oIWf2Xgh54kIWuKsDf6,""Runaway"",""All My Demons Greeting Me As A Friend (Deluxe)"",""AURORA"",2016-03-11,248826,81,false,,2021-04-22T14:52:27Z,""pop noruego,art pop"",""Decca (UMO)"",0.422,0.302,11,-9.214,1,0.0372,0.629,0.0000783,0.104,0.123,114.089,4";;;;;;;;;
"spotify:track:3aPkMnaq49WpMxY0KAKwBY,""GTA San Andreas Theme (Remake)"",""Squidography, Vol. IV"",""Ben Morfitt (SquidPhysics)"",2000,134219,0,false,,2021-04-19T17:15:16Z,"""",""Ben Morfitt (SquidPhysics)"",0.756,0.591,2,-10.641,1,0.0271,0.00187,0.282,0.0697,0.77,97.011,4";;;;;;;;;
"spotify:track:6WYB1odDfMPVMyp1QxFInT,""Con Tus Besos"",""Tu Veneno Mortal"",""Eslabon Armado"",2020-04-06,226821,71,true,,2021-04-17T14:27:58Z,""corridos tumbados,sierreño triste,corrido,sierreño,música mexicana,corridos bélicos"",""Eslabon Armado"",0.681,0.664,6,-8.019,0,0.0353,0.335,0,0.0418,0.861,102.166,3";;;;;;;;;
"spotify:track:6sGYPF1Ud3pYSyh28XOUp2,""Mi Vicio"",""Summer School Mixtape, Vol. 1"",""Eslabon Armado";"T3R Elemento"",2020-08-21,194002,60,false,,2021-04-16T06:04:55Z,""corridos tumbados,sierreño triste,corrido,sierreño,música mexicana,corridos bélicos,banda,norteño"",""DEL Records"",0.514,0.657,5,-7.786,1,0.0375,0.619,0,0.079,0.855,102.132,3";;;;;;;;
"spotify:track:5kRPPEWFJIMox5qIkQkiz5,""Sweet Creature"",""Harry Styles"",""Harry Styles"",2017-05-12,224870,72,false,,2021-04-16T06:04:28Z,"""",""Columbia"",0.427,0.262,7,-8.541,1,0.0276,0.746,0,0.068,0.228,104.085,4";;;;;;;;;
"spotify:track:05gtR69K6inB71hpWpDoQH,""River"",""Crush"",""BRKN LOVE"",2020-10-15,225146,0,false,,2021-04-15T19:41:37Z,"""",""Spinefarm Records UK"",0.58,0.681,7,-5.957,1,0.0344,0.00462,0,0.369,0.346,126.91,4";;;;;;;;;
"spotify:track:6VmwgeXXsT9wEDqtX9wJAO,""Deep End - Remix"",""Deep End (Remix)"",""Eduardo Luzquinos";"Deeper Version"",2020-10-22,166211,0,false,,2021-04-15T19:09:01Z,"""",""Eduardo Luzquiños"",0.479,0.504,9,-11.839,1,0.285,0.7,0,0.189,0.339,105.206,4";;;;;;;;
"spotify:track:4fs0IGj6VbSmGVDsNE9EFQ,""Pause - Zumba Mix"",""Pause (Zumba Mix)"",""Pitbull"",2011-06-10,180973,27,false,,2021-04-15T15:15:02Z,"""",""Mr.305/Polo Grounds Music/J Records"",0.828,0.919,1,-5.519,1,0.165,0.000147,0.000416,0.251,0.481,127.912,4";;;;;;;;;
"spotify:track:4xbMF8jx0msGGgrtJaAuXE,""Éxtasis (feat. Cartel de Santa)"",""Así Soy Yo"",""Millonario & W. Corona";"Cartel De Santa"",2012-01-17,289013,2,true,,2021-04-15T15:14:45Z,""hip hop mexicano,hip hop latino"",""RCA Records Label"",0.937,0.791,0,-5.242,1,0.0871,0.0205,0.000232,0.0433,0.974,119.967,4";;;;;;;;
"spotify:track:503OTo2dSqe7qk76rgsbep,""Still D.R.E."",""2001"",""Dr. Dre";"Snoop Dogg"",1999-11-16,270586,85,true,,2021-04-13T22:59:12Z,""hip hop vieja escuela,g-funk,rap gangster,West Coast hip hop,hip hop,rap"",""Aftermath"",0.816,0.775,11,-3.323,1,0.234,0.16,0.00031,0.0543,0.527,93.431,4";;;;;;;;
"spotify:track:1B75hgRqe7A4fwee3g3Wmu,""U Can't Touch This"",""Please Hammer Don't Hurt 'Em"",""MC Hammer"",1990-02-20,257359,77,false,,2021-04-13T22:54:11Z,"""",""EMI/EMI Records (USA)"",0.867,0.517,11,-13.22,0,0.088,0.00449,0.000343,0.0864,0.862,133.149,4";;;;;;;;;
"spotify:track:7lQWRAjyhTpCWFC0jmclT4,""Gangsta's Paradise"",""Gangsta's Paradise"",""Coolio";"L.V."",1995-11-07,240693,9,false,,2021-04-13T22:50:13Z,""West Coast hip hop,g-funk"",""Tommy Boy Music, LLC"",0.647,0.514,8,-10.05,1,0.0593,0.0655,0,0.398,0.387,79.974,4";;;;;;;;
"spotify:track:0fMWtRhzOoWoCo7dRHVEEa,""FACK"",""Curtain Call: The Hits (Deluxe Edition)"",""Eminem"",2005-12-06,205760,61,true,,2021-04-13T22:37:46Z,""rap,hip hop"",""Eminem Catalog PS"",0.842,0.602,1,-7.103,1,0.0796,0.00638,0.112,0.103,0.372,124.213,4";;;;;;;;;
"spotify:track:7lQ8MOhq6IN2w8EYcFNSUk,""Without Me"",""The Eminem Show"",""Eminem"",2002-05-26,290320,90,true,,2021-04-12T02:31:11Z,""rap,hip hop"",""Eminem Catalog PS"",0.908,0.669,7,-2.827,1,0.0738,0.00286,0,0.237,0.662,112.238,4";;;;;;;;;
"spotify:track:77U4KChY5yCVveqBXxcLrd,""Drive Forever (Remix)"",""Drive Forever (Remix)"",""Ddark";"Sensei D"",2021-04-05,66000,0,false,,2021-04-12T02:04:22Z,"""",""Sensational Records"",0.589,0.806,1,-4.073,1,0.0859,0.124,0.000115,0.138,0.625,119.89,4";;;;;;;;
"spotify:track:7MwwPyZJ7UKFROj2oVnH6R,""Caramelldansen"",""Supergott (Speedy Mixes)"",""Caramella Girls"",2008-01-05,175333,70,false,,2021-04-10T17:50:39Z,""nightcore,europop"",""Remixed Records"",0.602,0.999,6,-5.236,1,0.0956,0.0136,0.617,0.341,0.789,164.822,4";;;;;;;;;
"spotify:track:4Dll52TVxAXPcoS0s82Flv,""Grump It"",""Grump It"",""Xzevious"",2017-02-08,240908,0,true,,2021-04-10T17:48:26Z,"""",""Le Grump"",0.669,0.881,7,-4.464,1,0.198,0.0168,0,0.335,0.507,127.821,3";;;;;;;;;
"spotify:track:6DlPa2rrVK3BygXJ48WYo3,""RUNNING IN THE 90'S"",""SUPEREUROBEATpresentsINITIALDDSELECTION"",""Max Coveri"",1998-07-29,283833,55,false,,2021-04-10T17:44:06Z,"""",""avex trax"",0.541,0.931,1,-5.484,1,0.0416,0.00482,0.0127,0.0919,0.86,158.517,4";;;;;;;;;
"spotify:track:786ymAh5BmHoIpvjyrvjXk,""Goodbye To A World"",""Worlds"",""Porter Robinson"",2014-08-08,328506,61,false,,2021-04-10T00:33:27Z,""EDM,electrónica"",""Astralwerks (ASW)"",0.444,0.35,9,-7.194,1,0.0483,0.453,0.109,0.0824,0.0973,95.979,3";;;;;;;;;
